Col1,Col2,Col3,Col4,Col5,Col6,Col7,Col8,Col9,Col10,Col11,Col12,Col13,Col14,Col15,Col16,Col17,Col18,Col19,Col20,Col21,Col22,Col23,Col24,Col25,Col26,Col27,Col28,Col29,Col30,Col31,Col32,Col33,Col34,Col35,Col36,Col37,Col38,Col39,Col40,Col41,Col42,Col43,Col44,Col45,Col46,Col47,Col48,Col49,Col50,Col51,Col52,Col53,Col54,Col55,Col56,Col57,Col58,Col59,Col60,Col61,Col62,Col63,Col64,Col65,Col66,Col67,Col68,Col69,Col70,Col71,Col72,Col73,Col74,Col75,Col76,Col77,Col78,Col79,Col80,Col81,Col82,Col83,Col84,Col85,Col86,Col87,Col88,Col89,Col90,Col91,Col92,Col93,Col94,Col95,Col96,Col97,Col98,Col99,Col100,Col101,Col102,Col103,Col104,Col105,Col106,Col107,Col108,Col109,Col110,Col111,Col112,Col113,Col114,Col115,Col116,Col117,Col118,Col119,Col120,Col121,Col122,Col123,Col124,Col125,Col126,Col127,Col128,Col129,Col130,Col131,Col132,Col133,Col134,Col135,Col136,Col137,Col138,Col139,Col140,Col141,Col142,Col143,Col144,Col145,Col146,Col147,Col148
67.47,109.54,232.59,30.76,77.68,2.67,173.80,85.03,241.88,294.04,170.92,140.33,212.99,213.40,296.29,73.82,211.75,246.83, ,277.59,268.47,10.87,26.50, ,252.66,180.67,57.63,180.13,296.96,110.41,35.26,94.20,170.47,292.44,150.30,94.89,151.71, ,132.14,190.55,226.75,78.29,211.24,53.59,126.84,219.61, , ,131.39,196.79,283.50,287.64,108.99, ,56.58, ,30.68,48.20,59.66,130.88,256.36,80.10,31.18,120.40,26.03,204.21,89.14,236.92,54.45,222.92,102.49, ,133.16,271.67,204.12, ,175.02,105.94,137.71,254.82,50.28,209.90,203.68, ,140.60,196.65,298.73,288.99,193.00,81.61,212.75,262.82,160.74,240.16,155.04,70.68,127.56,23.04,255.21, ,95.81,120.90,96.61,271.30,283.43,115.37,6.20, ,140.43,128.25,77.69,157.87,96.43,199.90,67.48,141.55,250.92,112.63,36.05,204.53,186.49,185.18,4.19,145.51,248.10,225.21,257.05,174.16,68.51,172.96, ,14.51,180.09,240.35,290.00,17.85,29.90,244.98, ,231.25,164.65,183.76,205.14,172.94, ,241.46,67.26,82.53
 ,262.63,145.52,25.71,93.80,18.82,30.50,129.68,293.30,141.09,84.19,17.88,125.54,198.59,279.43,61.43,181.21,96.92,100.00,15.66, ,34.48,238.64,133.13,111.09,41.48,211.65,6.03,213.25, ,192.15,43.42, ,224.63,55.75,77.64,267.02,86.54,274.89,119.28,225.57,235.48,218.52,54.77,15.91, ,83.28,40.38,113.74,51.33,54.97, ,233.35,140.45,271.21,45.07,223.37,20.85,237.69,5.97,163.92,260.47,105.16,47.04, ,46.25,25.75,285.87,34.57,35.21,226.79, ,17.27,70.16,232.78,277.49,0.30,260.62,148.07,81.40,297.63,241.36,41.52,266.69,77.15,271.49,149.05,231.14,195.99,204.45,9.15, ,9.45,28.14,171.42,51.62,91.55,7.90,108.91,39.06, ,261.32,259.24,138.73,276.70, ,181.14,200.83,230.99,86.43,180.49,53.05,24.39,299.50,216.97,82.76,153.59,217.35,169.62,9.00,4.42,251.67,207.20,248.64,62.77,97.32, ,150.37,17.31,174.87,211.94,132.35,136.87,85.31,212.35,16.15,117.45,224.01,267.06,251.65,139.27,202.57,279.65,257.90,47.91,46.56,116.05,127.81
221.63,260.07,26.15,106.32,36.08,146.61,106.82,108.40,84.99,28.61,63.91,61.61,119.29,71.67,287.07,188.27,112.60,42.68,124.55,282.35,179.33,163.78,227.23,232.24,283.15,76.86,247.37,158.88,246.63,1.99,130.02,142.40,38.60, ,163.15,63.73, , ,187.57,119.92,131.80,142.89,208.99, ,47.46,106.67,279.37,227.78,298.93,52.02,255.26,200.68,197.13, ,89.82,102.32,271.78,41.87,26.78,4.62,298.32,173.47,32.82,220.18,281.07,194.24, ,27.64, ,224.77,137.73,255.77, ,227.55,266.20,200.95,46.84,215.38,141.22,133.11,127.96,104.43, , ,63.94,42.30,121.99,136.63,141.80,60.90,250.85,111.56,244.16,119.55,258.69,67.31, ,195.27,188.56,236.70, ,133.91,76.42,239.91,92.48,289.73,151.06,180.48,92.38,121.03,284.18,172.70, ,256.82,238.64,260.34,156.96,9.25,114.28,150.75,57.63,17.05,83.53,91.49,50.01,167.18,200.32,134.64,118.41,198.57,236.84,232.39,196.77,4.63,206.80,38.37,87.85, ,171.37,266.94,63.06,84.71,83.39,159.64,150.03,233.77,187.94,139.47
289.44,286.37, ,141.75,252.36,94.28, ,107.33,18.50,277.82,195.40, ,55.04,284.84,30.18,194.08,31.39,112.30,162.18,100.44,151.65, ,245.93,34.49,275.36,223.66,156.19,14.39,174.10,275.85,140.98,74.32,199.17, ,11.68,188.94,116.23,164.93,286.52,84.25,20.90,263.44,293.43,288.47,256.61,260.29,240.25,211.17,27.23,280.24,273.60,151.04, ,15.97,196.27,223.83,82.42,199.49,54.49,44.96,238.60,299.21,84.48,286.62,154.49,268.81,121.51,44.44,47.74, ,244.02,274.74, ,35.80,260.84,61.56,129.21,150.03,75.61, ,62.23,110.18,191.90,31.65, , , ,108.44,21.64,268.64,134.70,281.28,94.73,101.34,43.01,52.35,185.88,180.85,118.22,0.86,122.65, , ,108.36,59.55,208.62,31.72,32.64,138.87,55.85,51.30,191.58,217.47,111.69,186.42,189.32,51.71,218.01, ,26.38,137.17,108.42, ,151.75, ,290.62,256.95,76.67,122.40,273.28,292.01,86.28,260.92,273.64,191.57,50.52,94.97,74.33, ,262.43,251.05,45.76,120.49, ,176.30,233.40,298.84,221.17
147.34,58.67,155.00, ,205.52,111.12, ,14.51,204.94,97.33,115.41,188.97,126.83,190.98,214.84,285.65,274.95,18.11,253.96,283.85, ,152.03,171.85,95.74,299.47,115.46,280.81,256.92,16.03,263.79, ,153.61,73.03, ,91.14,148.86,146.02,42.89,200.21,92.59,232.87,161.35,160.01,237.53,214.96,139.10,29.83,32.35,149.16,286.64,23.08,204.56,254.48,167.16,162.19,150.64,51.82,143.38,154.14, ,69.10,167.85,64.31,280.19,93.14, ,33.44,278.18, ,232.66,200.46,47.63,237.99,212.03,286.07,104.12,152.60,101.47,121.05,264.43,21.82,242.34,91.01,142.68,139.82,214.45,162.69,200.49,104.77,50.65,236.36,157.83,27.98,109.41,125.07,250.27,131.40,11.39,299.14,251.41,229.41,179.24,127.95,192.78,192.24,23.57,98.20,217.57,140.70,275.22,100.81,112.67,118.11,154.61,278.12, ,207.53,135.45,99.83,192.40,107.42,56.12,234.04,153.60,78.22,35.44,281.38,156.66,79.05,68.20,258.83,152.51,146.11,165.99,203.15,278.49,194.23, ,128.27,100.20,50.34,223.93,262.15,251.00,263.91,243.95,190.54,12.73
264.29,222.90,203.85,188.71,175.53,161.02,195.44,192.29,241.99,40.12,1.09,79.89,222.82, , ,142.03,170.27,138.64,16.54,74.46,256.91,128.57,253.78,79.15,269.79,262.28, ,263.37,5.19,223.84,53.58,171.06,207.47,30.16,293.91,75.10,29.55,27.73,278.87,226.63,21.54,87.22,173.06,32.47,278.96,207.28,293.52,224.06, ,254.22,49.62,276.73,56.41,276.51,280.68,130.51,49.80,192.84,251.34,113.72,222.39,36.86,63.55,178.99,170.90, ,220.51,142.89,216.49,145.80,125.39,250.88,223.86,123.85,280.50,118.82,289.66,146.94,252.40,123.58,133.03,83.10,116.87,222.83,70.70,153.72,242.70, ,166.56,250.95,114.25,290.49,7.87,71.27,131.74,76.04,166.42,131.78,149.69, ,183.05,211.42,24.56,141.37,20.68, ,192.35,120.83,13.71,62.18, ,193.93,157.20,284.79,74.38,39.72,47.54,260.62,259.53,113.08,136.85,76.03,26.11,60.29,179.12,271.14,270.15,82.48, , ,17.38,272.02,14.21,279.86,278.52, ,91.61,96.87,116.32,251.48,96.61,160.85,131.57,255.76,207.43,104.31,100.48,246.72
0.58,137.44,244.80,235.44,117.12,261.78,68.64,215.17,73.70,150.85,200.97,201.91,189.71,83.10,292.59,147.77,296.10, ,240.90,204.03,179.15,239.09,4.97,27.76,226.05, ,131.32,127.69,113.14,39.45,7.60,226.06, ,222.16,293.80,202.61,140.37,134.16,194.35,231.82,9.36,25.89,289.19,158.12,143.78, ,40.02,93.91,38.49,188.23,112.92,81.68,191.67,144.91,57.79,202.94,293.40,5.80,50.00,181.96,180.21,134.30,240.61, ,279.11,74.54,160.25,239.85,17.50,15.91,161.09,191.57, ,252.38, ,2.39,199.17,63.43,209.11,197.27,169.96,184.65,34.55,70.33,215.91,77.70,76.46,231.78,79.78,220.41,242.35,109.78, ,173.21, ,156.86,44.05,171.83,271.32,273.60,180.78,129.48,121.33,197.26,173.97,278.26,203.61,17.19,62.13,186.60,221.53,155.76,70.29,194.28,233.96,83.26,57.39, ,178.72,270.49,292.66,210.08,151.13,104.23,192.82,51.12,40.57,208.88,164.88,200.43,170.43,289.75,125.70, ,4.42,28.88,13.84,146.32,127.54,205.12,169.83,43.19,64.73,131.83,2.65,271.31,238.72,198.88
165.32,282.29,122.55,105.97,287.58,237.27,229.31,107.19,166.55,22.09, ,153.92,290.81,273.46,160.94,98.82,178.40,67.13,22.74,154.11,65.89,96.40,35.71,288.20,105.34,156.94,126.73,38.77,233.08,17.48,25.31, ,203.71, ,251.84,24.29,198.36,212.35,271.19,233.55,82.92,97.98,75.50,250.73,42.25,126.50,277.83, ,156.69,192.52,7.36,126.97,130.12,25.65, ,273.72,147.73,97.33,296.50,170.42,287.11, ,113.61,108.87,148.43,20.93,68.24,272.71,141.59,112.35,227.72,140.97,148.41,83.49,194.11, ,141.34,177.20,57.04,81.24,298.03,43.39, ,71.68,10.24,114.53,80.52,123.27, ,271.68,111.91,13.21,30.34,11.67,126.92, , ,91.17,254.96, ,70.00,105.85,119.51,202.83,262.63, ,291.05,240.61,63.58,171.19,108.36,1.46,251.57,143.44, ,98.40,207.92,83.53,248.64,234.15,103.06,177.57,187.82,165.18,238.94,161.96,227.35,34.32,296.39,6.07,206.69,216.43,272.87,128.37, ,62.52,6.07,250.56,147.12,95.83,64.84,299.86,142.18,132.02,41.08,10.88, ,115.35
246.23, ,74.60,199.61,82.73,96.41,136.33,159.19,81.43,146.99,21.74,125.97,293.99,78.70,247.25,120.22, ,208.44, ,218.18,68.28,45.80,34.19, ,193.38,189.64, ,270.93,250.45,292.92,263.94,249.30,281.95,155.09,277.97, ,196.15,137.95,281.50,231.25,110.86,277.91,242.05,271.43,189.64, ,134.07,145.75,243.46,152.90,266.22,194.13, ,129.83,224.07,176.48,274.96,279.96, ,222.01,259.27,81.69,77.36, ,223.11,3.31,152.04,17.04, ,52.93,125.82,234.00,103.25,212.11,69.29,78.42, ,37.68,138.72, ,54.49,295.00,128.44,205.67,62.86,226.28, , ,42.55,289.25,221.83,236.38,66.34, , ,52.48,262.10,48.83,242.88,70.21,89.64,1.62,164.47, ,62.97,10.84,269.26,117.31,93.02,236.97,90.85,160.29,22.44,116.62,220.93,109.24,250.09, ,102.58, ,70.87,201.80,208.04,238.34,41.69,133.78,139.17,39.00,292.42,277.50,100.46,269.48,190.69,294.82, ,244.42, ,256.98,174.72,179.22,190.38,144.41,199.57,248.79,283.03,300.00, ,100.46
 ,10.16,239.29,234.25,249.40,54.45,48.78,71.40,42.22,148.91,285.93,170.21,287.04,175.93, ,226.17,272.75, ,22.41,102.63,146.62,297.27,258.41,130.24,274.05,291.58,59.09,171.44,212.23,82.54,145.51,14.33,169.06,30.66,145.41,148.13,185.32,193.10,191.45,173.53,195.80,288.45,142.61,184.19,18.36,142.99, ,157.32,32.09,127.53,262.95, ,254.97,217.09, ,108.54,163.40,67.20,262.49,171.11,206.27,140.75,68.94,36.03,101.50,43.79,291.68,189.85,261.71,280.47,25.86,281.18,63.05,217.76,70.46,147.93,14.82, ,83.75,185.76,94.79,53.80,245.56,213.67,22.25,289.41,275.52, ,164.78, ,82.53,232.03,14.94,186.22,58.49,296.90, , ,198.13,115.51,94.32,152.64,278.85, ,254.37, ,119.15,223.37,228.94,73.08,64.16,247.49,229.28,66.90,36.08,243.04,108.73,180.78,153.93,103.41,114.00,164.33,85.79,134.82,243.09,258.60,167.21,129.91,150.48,5.74,161.84,38.16,286.15,231.94,78.57,242.61,59.21,125.71,194.63,159.73,168.44,144.98,24.43,132.13,171.69,61.48,86.66,4.10
18.58,212.90,271.38,289.72,262.45,175.60,75.96, ,244.40,139.78,178.10, ,53.01, , , ,36.73,23.99,232.71,22.44,231.42,19.59,140.40,137.61,210.98,292.28,26.62,135.43,246.73,257.74, ,72.23,234.41,276.96, ,237.00,248.93,244.34,130.42,103.54, ,14.52,74.49,167.60,5.33,153.29,30.06,150.63,39.35,88.64,128.99,253.31,256.64,139.72,252.14,28.70, , ,61.16,213.11,287.72,1.09,171.38,227.38,133.44,107.05,283.04,229.79,131.42,58.07,111.60,195.59,230.39,183.51,283.41,220.31,15.05,112.14,252.54,208.45,6.25,8.05, ,237.84,82.95,283.70,235.87,249.67,224.29,259.67, , ,136.15,71.34, ,257.77,258.13,96.05, ,104.10,133.24,179.29,166.22,270.27,156.89,178.26,71.87,297.03,194.22,13.68,190.71,223.33,190.42, ,154.79,100.94,104.50,287.74,9.11,290.97,7.63,289.47, ,127.40,189.99,219.01,287.17,135.97,10.50,0.04,181.18,108.28,75.80,277.37,260.27,87.46,135.73,60.94,281.16,10.38,209.96,74.83,39.11,107.63,237.18,56.95,78.97,107.98
116.38,251.27,213.45,148.13,37.11,273.72,97.41,189.42,213.48,204.50,175.05,2.20,119.79,230.59,224.36,53.53,123.93, ,37.38, ,86.56,174.60,98.90,44.37,279.38,252.58,210.43,196.00,239.88,271.77,214.56,209.05,236.88,272.89,70.35, ,156.91,194.41,195.96,261.55,145.79,136.87,129.83,225.66,204.39,14.23,156.01,283.90,147.25,97.00,87.23,221.35,210.48,161.33,282.17,290.73,42.27,157.62,92.11, , ,24.74, ,180.75,55.25,286.41,101.86,159.36,109.29, ,225.04,232.20,87.71,35.17,50.52,2.09,276.07,139.13,145.45,181.57,265.74,271.02,288.29,197.23,268.26,29.32, ,261.51,53.27,135.68, ,28.47,77.60,101.98,5.36,127.21,232.04,73.36,130.81,62.03,265.21,28.77,223.59, ,24.11,140.48, ,75.45,116.17,192.81,69.77,165.58, ,97.62,158.46,120.74,62.70,185.32, ,179.85,171.88,40.69,276.38,150.32,88.74,204.86,184.64,179.72,171.62,147.84,123.28,282.29,211.22,228.70,8.63, ,180.51,61.48,220.82, ,272.64,216.79,32.24,152.13,151.65,176.77,185.30,148.01
43.43,298.67,63.44,80.68, ,25.12,287.80,107.66,218.57,154.90,190.59,248.21,107.98,279.31,157.26,255.48,22.79,23.52,78.15,75.61,218.64, ,206.44,115.75,265.24,299.45, ,255.78, ,63.77,246.54,138.74,126.73,248.70,187.11,219.59,19.24,136.57,90.07,166.63,187.56,179.91,193.18,142.79,11.83,184.18, ,22.92,204.53,132.98,73.62,265.56,95.84,128.13,137.61, ,43.42,214.30,245.72,267.93, ,279.76,194.35,72.87,122.40, ,255.38,177.39, ,168.95,36.48,43.63, ,126.06,226.94,140.84,147.83, ,158.01,256.24,26.65,269.62,6.51,104.43,250.78,18.82,264.24,116.82,229.37,133.92, ,174.28,84.64,96.48,180.12, ,232.47,31.15,60.71,275.48,67.55,1.56,45.99,141.65,273.66,147.87,217.91,281.86,144.50,2.10,184.10,192.35,98.76,18.66,261.17,24.62,220.39,115.07,291.98,129.20,27.75,73.22, ,55.09,181.41,153.38,243.16,264.07,139.25,78.38,148.73,23.34,292.90,292.52,41.50,88.48,277.00,80.36,102.46,73.94,194.51,55.60,267.81,197.39,207.23, , ,48.29
233.41,178.66,0.48,175.17,227.29,154.51,74.83,143.08,240.86,76.09,175.25,16.12,150.97,48.43, ,96.72,212.72,264.55,138.40,13.82,111.99,81.88,240.82,262.71,279.72,165.69,175.55,292.29,60.56,296.62,194.94,103.22,231.26,246.31,252.46, ,64.45,78.92,66.95,146.79,97.50,22.24,22.63,65.95,292.40, , ,176.53,112.94,292.06,230.51,133.16,58.76, ,137.67,83.72,228.48,52.96,262.51,98.19,192.58, ,174.17,196.45,97.27,34.89,190.09,151.05,156.04,220.87,47.48,256.53,231.04,55.89,159.31,104.79,75.09,240.38,210.28,299.95,146.22,96.88, ,247.93,156.27,280.42,205.21,285.61,214.02,264.03, ,146.54,95.37,199.21,170.90,172.58,117.05,205.69,55.10,161.85,62.19,95.09,224.79,76.89,292.09,96.96,1.02,238.11,165.15,132.14,246.82,206.89, ,112.58,78.62, , ,80.69,288.37,84.02,248.86, ,208.16, ,209.18,209.34, , ,137.71,293.49,65.51,165.95,35.16,196.58,137.86, ,126.23,118.06,98.11,251.20, ,222.43,6.36,221.02,178.45,287.55,201.16,229.30
231.15, ,127.73,149.54,173.31,254.26,168.43,26.39, ,75.33,274.08, ,195.09,52.29,198.18,154.98,153.52,182.39,233.77,257.25,115.13,59.07,121.93,121.75,47.13,223.64, ,5.33,49.55,15.32,114.15,158.36,93.07,247.78,14.21,168.30,73.03,156.58,120.79,264.17,131.21,192.75,299.02, ,48.57,198.74,228.19, ,293.59,290.75,142.39,199.27,102.48,9.55,114.72,43.14,99.44,223.46,94.74,190.27,271.05,176.91,232.51,233.30, ,224.05,88.93,66.74, ,39.04,290.55,239.51, ,38.95,156.12,2.78,221.40,49.64,157.86,158.23,5.94,119.58,251.79,159.00,8.13,57.56,181.05,56.81,143.99,122.78,126.89,78.70, ,128.35,264.37,132.24,206.93,256.99,168.35,295.92,173.63,244.44,67.47,47.75,299.75,104.99,270.39,78.56,37.06,292.70,107.89, ,14.82,95.83,209.86,147.66,134.96,41.17,101.55,173.64,196.68,188.75,287.54,275.09,156.36,298.93,289.88,296.63,165.38,156.45,53.79,171.97,38.19,14.65,110.07,223.51,205.44,203.28,231.56,199.21,60.36,245.72,22.02,54.95,34.80,262.64,215.51, 
253.70,291.99,157.81,16.95, , ,67.84,60.78,177.91, ,76.06,56.82,36.77, , ,23.17,160.16,82.72,192.38,129.49, ,9.77,152.83, ,220.67,192.77,252.10,173.45,135.90,126.25,42.04,244.24,59.84, ,142.56,196.27,71.40,261.30,184.88,176.66,34.81,209.64,202.96,75.14,87.02,57.37,47.46,203.92,228.93,116.56,250.23,44.51, ,5.81,79.81,279.46,154.75,6.33,133.27,131.59,44.46,121.76,184.46, ,297.13,216.39,291.27,126.53,188.25,41.60,101.26,270.51,16.30,204.27,34.10,204.33,206.18,220.24,225.79,118.39,130.87,36.61,201.39,157.93,184.60,80.68,61.08,183.81,252.02,150.12,249.79, , ,95.77,66.29,215.94,244.48,219.45, ,120.84, ,210.47,226.42,14.70,42.35,64.87,286.58,280.49,269.43,92.35,69.94,86.76,43.33,32.69,12.33,83.62,228.53,185.40,285.24, ,27.59, ,21.96,122.30, ,91.72,113.91,137.47,243.68, ,274.91,278.66, ,62.28,286.22,29.21,41.61,283.61,27.91,91.16,13.23,134.65,161.14,261.87,221.12,121.96,180.46,215.67
 ,277.95,21.90,40.73,75.92,146.68,297.94,236.28,50.84,245.69,191.02,117.66,115.38, ,52.39,289.60,71.38,246.01,47.18,123.62,56.24,56.94,91.61,137.64,145.38,148.33,58.54,118.82,157.97,259.78,45.69,178.42, ,124.43,21.84,23.59,160.99,289.03,208.86,199.99,228.96,259.83,126.05,48.95,160.39,34.01,236.68,249.17,258.04, ,279.89,277.30,39.33,201.02,3.41,1.67, ,69.17,143.70,77.16,269.45,83.64,8.30,286.85,74.06,31.07,224.78,5.07, ,99.62,50.43,22.39,217.94,121.27,79.66,69.84,285.95,55.95,15.70, ,273.17,221.15,178.08,213.66,282.70,282.77,212.84,42.88,3.75,86.20,58.50,66.27,88.64,86.77,89.36,54.31, ,275.47,191.43,280.43,104.10,57.36,55.67,167.47,146.91, ,143.34,209.50,235.63,283.28,76.19,185.43,135.18,105.97,90.20,182.38,31.47,222.14,80.89,23.54,212.22,208.29,74.67,265.18,115.92,32.70,21.11,22.62,116.91,58.25,55.96, ,87.43,294.04,46.73,267.04,271.57,56.51,211.56, ,221.86,240.77,182.34,172.70,118.18, ,176.43,89.51
268.61,82.91,120.44, ,87.48,293.56,34.38,135.93,13.00,198.90,12.36,215.66,286.20,174.67,210.27,109.26,39.99,110.23,106.65,24.63, , ,118.49,38.88, ,51.88,59.69,24.57,221.31,127.13,84.30,165.42,256.14,195.67,2.98,48.99,222.93,160.59, ,112.71, ,273.50,28.24,37.53, ,258.84, , ,46.74,79.41,104.27,98.08,275.13,95.60,219.32,78.58,100.32,140.44,164.79,144.58,209.85,72.11,159.83,82.67,221.51,108.98,134.23, ,109.36,168.00,122.78,105.92,7.03,123.66,162.00,267.95,205.83,132.10,25.17,157.19,126.98,40.72,153.49,225.16, ,93.16,274.02,96.11,6.90,80.91, ,76.89,15.30,263.56, , ,52.87,220.46,233.69,32.61,208.97,50.02,50.93,34.23,136.32,57.70,72.38,184.96,286.18,131.99,47.67,238.46,103.67,280.38,120.09,124.53,270.76,89.27,214.77,72.48,114.97,280.74,18.14,36.62,65.97,254.06,57.85,214.17,51.43,198.87,207.54,200.59,197.96,199.98,113.36,163.83,102.65,115.68,10.28,125.11,20.91,189.89,271.68, ,23.11,139.15,206.16,95.23
60.52,284.44,198.44,37.09, ,181.66, ,191.95,5.45, , ,158.09,56.30,134.69, ,273.84,166.93,69.28,196.92,235.83, ,192.73,179.56,288.93,132.62,216.74,149.07,222.68,226.80,269.32,58.40,35.32,97.03,101.73,68.63,284.24,8.89, ,188.46,234.99,261.87,227.21,264.94,22.62,186.40,241.42,60.00,283.21,268.54,194.18, ,150.27,62.37,178.16, ,7.41,58.09,59.30,69.21,244.89,296.33,93.42,79.18,109.27,245.87,217.32,94.76,290.32, ,149.49,211.69,281.52,255.20,214.42,20.01,185.39,234.99,205.25,95.86,282.01,4.54,75.57,154.57,134.90,119.70,224.64,181.51,186.52,156.96,77.20, ,262.59,274.58,194.05,75.14,129.33,257.26,8.96,43.71,236.74,45.12,218.87,102.64,263.03,282.00,16.55,103.56, ,78.14,41.81,33.56,54.79,251.79,275.90,287.65,290.37,246.43,200.76, ,25.80,253.50,49.93,166.76,249.20,231.62,56.34,241.17,211.88,2.66,184.02,143.46,46.66,31.77,26.10, ,51.90,225.83,90.60,226.45, ,240.98,52.70,32.79,48.20, ,50.86,86.01,243.93
153.81, ,111.99,257.82,147.28,10.14,89.09, ,33.17,74.40,103.80,241.67,119.92,299.66,286.82,277.93, , ,0.03,243.73,117.95,242.68, ,149.65,244.21,238.70,57.48, ,129.20,196.77,275.60,119.90,282.09,193.16,229.58,99.24, ,217.19,231.28,239.54,239.15,64.00,179.06,25.44,250.68,174.93,90.29,19.71,53.45,245.87,47.11,91.79,127.65,121.77,42.60, , ,245.06,159.61,25.34, ,276.02,277.20,90.03,195.53,102.00,88.61,60.18,186.35,55.32,102.37,237.93,254.11,108.74,79.29, ,264.34,159.34,12.33,54.11,230.70,162.88,285.47,3.95,143.80,268.46,86.92,277.06,36.82,59.35,276.04,78.10,27.33,204.46,272.60,100.54,155.43,147.07, ,151.01,64.66,22.48,222.49, ,173.09,277.60,36.80,224.64,194.02,52.35,291.63,57.04,228.25,55.59,53.36,226.33,41.11,129.87,284.38,225.75,77.08, ,113.88,14.56,51.00,281.13,258.17,206.51,234.34,105.92,172.35,235.99,123.49,109.61,282.27,194.14,121.76,229.66,254.47,164.42,210.76,154.93,151.64,219.26,180.43,95.63,107.56,32.52
29.50,199.45,186.81,151.52,191.08,244.21,25.41,151.01,254.19,105.11, , ,191.80,49.56,0.60,19.04,88.18,175.26,60.32, ,211.83,272.30,14.86,18.43, , ,77.68,59.71,42.20,75.30,133.64,290.63,81.77, ,130.31,66.58,261.08,102.46,120.11,46.59,113.90,206.82,247.76,128.22,223.83, ,213.85,269.28,36.72,228.23, ,127.24,71.99,30.05,120.06,269.92,88.12,36.72,152.34,176.57,115.74,192.86,14.25,291.58,275.53,146.96,223.99,273.45,62.52,170.42,153.66,49.22,224.17,236.73,70.43,57.06,213.71,208.46,188.74,146.69,242.67,255.46,267.84,162.63,232.41,212.94,173.40,27.86,48.11,174.07,77.90,4.70,181.06,219.57, ,66.26,55.86,189.53,27.75,85.15, ,118.20,136.92,233.23,89.17,129.38,99.88,194.38,198.90,17.74,145.24,184.73,186.79,268.83,272.38, ,30.50,12.66,275.04,234.78,93.43, ,56.67,176.50,120.58,26.49,193.86,269.25,251.03,23.23,265.35,7.12,26.11,172.47,120.27,262.45,270.16,229.31,194.57,277.88,181.19,153.46,176.10,153.65,278.76,46.99, ,54.11
198.59,276.40,19.62,188.70,123.29,209.02,261.84,128.00,196.01,130.46,8.47,124.71,231.93,182.58,174.07,279.96,136.03,298.92, ,187.62,232.78,44.38,216.74,210.91,255.21,24.18,51.75,50.99,209.28,69.92,226.65,65.27, ,21.63,298.29, ,133.65, ,178.03,57.48,57.70,192.44,275.39,152.72,169.71,162.02,109.98,148.94,12.60,259.23,146.48,165.34,91.16,173.07,76.02,206.42,181.75,234.69,217.58,109.88,127.48,9.58,219.22,54.05,6.78, ,153.26,131.38,61.95,58.66,136.62,237.57,170.96,205.03,254.00,137.98, ,109.87, ,29.09,111.42,216.19,226.95,95.48,255.04, ,13.71,255.56,126.15,173.88,130.92,116.58,39.97, ,149.84, ,178.93, ,139.83,236.77, ,32.25, ,189.68,72.54,199.61,204.41,249.35,256.43,183.57,191.30,23.08,250.19,220.06,135.81,102.70,126.68,104.82,265.32,195.85,72.77,113.33,220.96,44.17,214.01,257.19,269.17,146.45,4.01,287.72,126.41,212.39,296.91,204.88,11.71, ,84.48,113.42,117.15,105.83,90.11,251.74,2.74,41.87,236.01,209.83,234.79,288.21
297.15,92.76,17.14,259.48,89.68,163.29,249.00, ,39.11,153.11,5.41,276.40,21.13, , ,19.57,85.17,134.74,0.22,107.73,53.60,283.38,72.64, ,41.75,114.61,244.68,49.84,25.53, ,110.31,147.88,252.30,37.34,23.64,181.17,231.26,40.72,61.26,104.85,155.11,251.37,141.11,249.39,26.03,221.83,41.46,266.23,2.75,80.81,41.13,157.75, ,198.47, ,11.83,94.77,188.32,66.49,46.63,200.34,242.63,209.01,191.87,277.86, ,58.67, ,20.65,192.34,277.22,175.40,71.28,155.99, , ,289.03,238.35,135.60,11.54,165.08,219.85,98.02,201.62, ,222.27,210.97,74.99,15.06,61.62, ,21.22,142.49, ,80.84,200.06,211.16,126.91, ,269.85,263.19,231.61,93.74,192.77,104.37,248.47,244.75,88.42,235.22,276.22,11.75, ,273.58,144.40,201.57, ,114.16,241.80,253.92,75.16,268.94,29.81,47.94,151.10,240.53,67.27,86.01,92.60,52.60,130.15,81.18,223.41,111.17,241.12,200.75,211.77,195.82,87.10,216.15,80.11,24.53,73.44,226.40,96.29,45.65,132.07, ,55.48
176.67,263.29,121.45,153.53,175.39,78.25,11.27,199.25,40.99,241.38,273.03,247.82,153.07,84.09,239.76,2.06,60.27,58.18,244.92,172.86,6.82,239.44, ,138.70,8.56,127.42,158.35,107.92,87.92,194.46,221.93,69.87,94.29,96.54,280.14,148.87,15.07,39.88,67.55,219.20,63.91,236.21,281.47,32.63,26.30,137.19, ,207.07,55.42,83.12, ,91.37, ,106.43,62.74,47.84,58.79,5.23, , ,86.88,260.13,130.59,293.46,148.34,65.41,142.81,235.18,239.89,88.09,95.77,185.92, ,244.71,97.39,27.72,137.01,285.01, ,172.23,41.42,187.26,224.33,255.36,95.31,275.00,241.58,34.24,214.38,72.22,223.78,209.66,259.36,233.67,4.28,239.37,126.48,152.53,156.71,210.33,3.15,135.43,256.09,72.24,296.05,52.41,266.81,168.50,3.74,178.80, ,118.17,34.56,206.25,101.52,295.69,17.28,188.97,137.12,34.25,54.69,59.99,145.52,143.02,25.79, ,33.81,68.66,187.82, ,273.19,7.90,168.54,149.90,287.20,116.14,294.60,200.16,145.35,76.65,117.36,233.55,136.24,136.51,274.64,217.53,264.97,216.71
250.62,191.02,53.62,259.27,178.00,102.81,205.10,11.71,281.90, ,118.14,226.82,6.72,259.44,41.76,171.25,135.49,66.29, ,73.46,39.71,192.01,274.81,21.98,119.58,231.79,122.03, ,163.94,213.49,225.14,8.25,130.53,34.25,217.05,270.29,65.44,141.64,196.55,229.94,58.33,114.86,55.85, ,219.79,18.41,274.47,51.41,104.19,105.12,112.21, ,61.84, ,203.48,89.60,34.21,200.56, ,168.77,166.26,243.67,292.09,190.07,38.24,69.94,66.06,45.61,42.26,93.22,10.93,24.90,231.69, ,199.73,222.49,251.36, , ,188.26,57.02,192.34,223.96,84.02,171.35,37.18,74.16,289.74,297.39,203.34,196.63,80.06,26.68,15.30,198.37,48.05,57.58,273.35, ,57.37,237.49,13.64,112.47,206.03,283.51,287.46,245.56,58.52,117.21,79.98,288.31,59.21,41.13, ,22.67,274.42,3.24,12.77,125.20,125.56,282.40,196.78,120.06,19.39,104.51,264.73,97.64,174.87,289.41,258.40,240.23,11.21,245.56,163.00,22.87,280.07,163.07,266.14,164.15,167.87,94.86,84.33,80.88,233.85,133.68,82.37, , 
17.38,117.55,141.39,168.95,145.69,298.31,15.14, ,183.01,192.22,215.45,96.50,18.57,8.33,249.16,35.89, ,106.52,279.99, ,148.94,146.40,67.68,196.09,55.59,61.26,94.72,32.53, ,51.09,159.68,7.18,297.80,41.53, ,21.52,210.92,121.61,51.41,15.56,119.42,26.61,18.96,157.39,12.56,102.58,168.42,77.75,62.29,151.86,37.87,218.85,43.84,6.12,229.74,42.76,92.82,229.85,190.70,163.26,95.98,273.84,30.33,74.74, ,226.60,217.13, ,165.93,218.53,239.08,193.72,197.44,51.21,98.31,214.52,145.17,227.41,274.90, ,49.64,49.86,9.57,76.23,132.91,106.17, ,254.44,140.98,185.21,279.16,134.11,245.09,204.19, ,179.09,268.89,180.59,204.97,285.74,77.81,201.25,123.60,138.43,201.38,207.48,269.46,227.68,136.09,67.33,5.25,138.83,175.15,292.89,209.58,61.32,97.28,171.37,22.97,243.16,0.10,17.92,41.64,132.71,152.56,186.32,146.47, ,21.62,124.84,254.14,163.07,200.75,112.91,148.62,64.78, ,215.42, ,257.06,225.08,189.04,21.11,271.60,178.81,90.82,94.97,107.12
286.50,83.68,129.50,222.12, ,44.93, ,137.30,132.64,201.56,187.51,68.54, ,247.34,59.75,247.30,58.12,91.21,289.02,195.49,112.74,226.58,199.48,294.97,155.37,167.80,244.86,245.59,59.40,256.31,143.93, ,202.05,15.07, ,205.69,19.30, ,245.88,152.78,171.07,123.99,286.82,173.28,246.62, ,139.56,255.83,137.17,185.53,194.75,44.10,17.10,118.88,9.28,123.18,166.05, ,94.47,102.91,6.31,245.01,189.10,98.83, ,278.52,261.87,211.69,273.71,69.37, ,78.64,22.37,253.62,158.41,193.59,15.85,10.87, ,199.96, ,72.54, ,130.66,293.52,123.00,271.14,59.82,271.01,192.71,101.01,185.96,50.87,164.95,158.15,293.68,265.22,130.66,255.67,237.42,3.67, ,274.81, ,145.15, ,37.86,224.64, ,73.74,284.58,196.78,64.48,200.85, ,31.51,281.53,87.51,296.50,147.14,100.71,116.47,247.00,275.84, ,113.13,295.48,184.06,240.45,82.72,278.25,172.82,90.12,215.85,162.15,167.98,164.48,249.95,238.35,164.82,153.75,55.37,75.67,41.50,187.97,157.43,232.80,294.56
195.89,43.76,274.17,191.52,203.08,27.64,245.74,251.43,170.41,248.74,246.23,262.20,114.45,0.42,149.87,70.17,205.38,103.81,25.66,18.21,136.79,70.19,238.30,182.03,28.42,54.79,121.00,108.84,136.62, ,286.49,52.88,9.61,136.05,192.48,207.37,268.17,191.41,191.51,232.73,241.45, ,216.09, ,24.93,208.61,102.67,238.43,227.35,22.37,137.21,194.78,36.07,297.78,213.65,140.51,189.51,209.88,298.04,16.50,214.35,157.17, ,95.60,47.56,194.95,180.85,5.74,145.86,223.21,82.34,213.84,2.00, ,246.51,232.99, , , ,173.99,8.34,36.95,13.23,166.86,41.69,119.50,41.30,260.88,155.20,52.36,170.52,103.71,123.95,181.18,254.85,135.67,24.75,19.08,104.53,232.05,58.54,33.77,94.25,223.48,169.38, ,39.90,210.36,290.74,85.44,231.94,97.71,165.35,214.20,74.87,135.37,158.69,254.86,281.16,182.00,118.89,37.25,24.62,63.05,224.70,277.40,289.09,51.76,45.46,57.76, ,193.13,224.79,296.28,61.20,65.32,64.67,29.06,247.77,286.51,201.38,240.53,124.09, ,278.53,75.74,181.43,229.42
 ,9.46,249.95,164.91,62.47,238.42,153.04,68.21,149.32,274.55, ,98.64,137.39,166.61,113.46,54.98,270.89,52.34,71.56,54.93, ,284.51,277.01,211.44,277.11,14.81,150.61,50.30,179.81,122.72,240.92, ,283.80,269.54, ,41.11,86.59,44.61,153.19,208.65,66.83,125.38,137.42,124.07,232.11,15.18,96.83, ,244.76,67.24,276.03,255.41,185.50,179.78,236.54,165.26,268.23,126.55,188.43,173.94,34.65,91.32,274.65, ,219.41,82.32,263.36,89.12,66.73,278.31, ,179.70,110.18,239.61,197.81,39.28,204.19,249.57,163.41,42.93,143.63,260.80,293.62,66.46,208.76,70.45,47.93,120.69, ,60.31,295.90,134.11, ,208.04,88.04,241.45,249.94,161.24,62.41,52.78,247.00,67.80,193.64, ,14.34,65.70,68.67, ,202.79,55.52,146.48,182.28,274.54,173.01,42.97, ,95.75,237.63,132.08,250.94,222.69,221.65,39.92,50.00,193.11,58.44,25.74,186.22, ,18.44,12.33,222.09,157.17,240.59,118.46, ,66.27, ,287.92,170.61,156.75,171.35,231.96,61.74,61.51, ,79.95,22.84
84.18,298.54,266.38,189.02,78.41,280.41,243.22,79.70,243.91,92.82,185.19,41.66,29.61,29.67,79.16,250.93,78.30, ,44.68, , ,240.88,187.15,21.43,229.68,218.23,35.71,68.09, , ,33.43,116.91,236.04,93.93,247.72,33.27,205.86,199.14,234.40,296.72,60.60,198.73,109.30,176.98,238.27,264.64,273.67,114.70,250.97,9.09,252.03,191.09,198.56,4.63,176.51,88.80,227.74,215.94,221.98,214.43,209.71,131.95, ,246.65,211.58,102.19,107.31,1.35,43.12,269.83, ,271.18,205.19,252.41,235.96,214.06,34.64, ,166.60,290.06, ,201.64,202.44,75.84,13.25,90.12,10.88,72.91,231.08, ,183.49,116.94,13.29,92.53,296.77,144.22,72.37,188.47,146.92,116.75,213.63,284.04,168.67,91.36,181.31, ,64.80,148.65,181.99,215.21,112.75,163.28,246.71,288.05, ,188.43,148.59,262.16,120.51,82.86,281.55,281.32,28.97, ,151.65,277.88,51.06,241.20,190.21, ,178.27,276.76,279.90,168.75,257.98, ,40.83,54.43,182.44,33.97,229.60,64.47,252.49, ,193.70,188.33,51.97,257.14
133.29,154.08,179.10,291.29,152.89,6.41,74.85,191.87,3.71,171.78,29.98,209.30,17.19,5.29,164.22,97.89,199.47,299.55,64.03,30.54,183.25,74.82,111.06,65.41,44.18, ,74.16,235.26,241.71,3.12, ,265.55,194.62, ,194.17,124.77,274.12,68.26,116.52,122.13,91.77,127.39,262.85,253.48,199.39,230.99,206.05, ,14.81,33.08,216.90, , ,250.78,170.17,58.54,83.98,288.29,269.14,283.72,270.74,70.07,112.82,71.97,140.65,263.66,162.33,150.39,282.47,4.67,63.02,49.16,204.96,167.88, ,151.60,25.44,114.86,146.25,263.33,228.09, ,101.82,231.39,275.10,53.38,66.49,42.98,263.40,153.10,122.03,282.88,233.25,281.68,162.56,87.94,297.21,0.56,50.51,51.23,145.82,5.38,221.01,27.96,296.29,15.69,88.87,285.14,14.88,146.73,35.94,127.17, ,127.73,123.24,183.41,205.51,154.23,209.02,145.78,198.87,109.13,115.71,2.34,122.59,284.55, ,219.22,38.25,254.93,115.19,53.84,220.13,118.26,250.88,183.72,219.72,153.44,26.28,239.26,83.73,148.66,213.53, ,251.79,165.88,175.03,176.06
100.62,257.34,168.79,22.29,197.90,66.55,259.14, ,123.25,282.51, ,196.05,106.14,99.64,270.05,152.52,113.75,64.02,91.71,49.26,145.91,46.86,81.99,240.15,129.25,138.58,246.76,140.96,182.47,24.91,215.28,298.63,130.56,100.11,295.46,36.27, ,83.13,178.52,293.97,218.37,173.18,292.30,160.50,90.28,70.10,16.39,241.44,78.09,145.53,299.55,36.63,91.44,194.75,208.88,4.56,234.27, , ,85.55,271.77,108.40,118.63,289.40,170.21,64.15,67.84,10.64,204.62,224.22,72.05,288.09, , ,254.35,148.92,114.43,215.73,162.56,47.62,94.42,219.44,233.57,222.27,91.75,46.30,226.26,149.07,194.97,136.70,216.56,189.22,106.32,253.82,139.30,120.83,219.27,92.29,27.55,97.06,141.45,135.27,261.71,282.06,93.75,6.01,104.39,41.29,0.18,179.59,296.55,73.20,40.69,68.66,180.04,187.53,9.08,89.21,7.13,127.48,190.04,111.19,28.72,205.14,147.60,168.38,85.15,59.97,107.07, ,287.11, ,8.60,104.40,274.22,169.09,212.41,235.19, ,263.91,258.70,23.68,161.19,128.58, ,254.42,56.42,196.94
230.10,54.20,3.36,146.03,130.12,231.58,82.05,29.21,243.84,281.81,183.20,115.86,77.43,195.80,218.77,184.62,298.30,183.36, ,29.40,97.35,105.69,169.88,191.86,34.67,109.82,97.07,137.81,36.88, ,170.73,71.59,275.72,294.16,71.54,188.48,58.74,51.34, , ,113.25,176.84,84.04,124.18,36.59,80.37,186.06,71.53,6.44,27.53,206.34,261.99,44.73,71.14,242.13, ,55.38,115.09,275.60,206.68,50.47,99.46,299.96,66.68,57.00,285.13,20.28, ,115.10,40.33,225.01,103.59,37.85,278.34,270.75,27.03,42.69,89.31,140.88,104.53,196.86,83.62,238.75,274.05,296.76,240.10,296.84, ,34.69,63.37,9.60,182.06,98.28,88.75,163.87,240.65,125.48,45.97,97.86,53.98, ,68.36,132.32,135.51,99.88,280.71,183.95,136.97,134.57,272.16,23.82,211.34,26.25,32.15,168.32,160.16,156.50,111.86,293.72, ,93.60,186.86,5.68,185.48,57.73,161.23, ,62.01,55.42,10.23,194.44,33.52, ,190.01,10.45,276.84,84.98,79.53,118.94,195.00,274.29,49.85,281.15,197.52,174.52,231.14,180.22,295.61
8.28,217.94,64.45,276.54,265.21, ,84.16,16.27,115.56,138.43,250.15,148.61,132.05, ,94.15,211.90,249.43,275.38,238.91,62.15,189.26,271.52,111.52,26.80,228.36,38.53,245.94, ,117.01,162.44,222.25, , ,126.47,287.39,290.22,55.99,216.47,177.18,194.88,253.80, ,249.59,97.77,129.56,12.55,288.26,179.91,62.89,291.77,179.31,104.42,41.61, ,124.96,50.00, ,3.80, ,253.39,193.35,77.88,161.47,7.43,215.46,156.13,164.50,286.69,74.75,191.73, ,16.69,66.20,149.35,151.35,23.39,138.27,177.56,33.79,164.87,128.56,283.16,202.10,222.63,28.25, , ,132.05,85.19,297.17,268.25,179.46,248.20,163.95,175.18,38.86,24.77,77.65,103.36,261.42,31.98,141.83,102.75,236.57,172.12,122.49,82.27,132.01,19.68,156.23,193.70,234.92,62.50,226.40, ,187.83,24.31,33.67, ,7.54,168.19,170.54,20.03,292.63,283.28,148.00,207.18,34.59,260.18,154.66,262.95,74.41,171.29,188.46, ,196.00,100.34,278.87,95.70,83.65,214.97,95.74,3.15,89.06,97.63,299.90,149.11, 
3.90,10.53,189.71,88.36,43.03,276.91,259.73,217.71,123.56,3.21,16.82, ,162.06,153.25,222.52,8.85,6.26,291.68,216.75,286.98,277.39,191.70,110.74,29.14,223.86,21.42,59.64,69.00,100.39,83.67,224.61,4.06,119.56,129.49,230.10,251.10,267.48,18.92,243.10,96.43,90.89,268.85, , ,72.23,260.10,103.24,248.42,115.58,103.03,104.29,61.53, ,29.01,259.53,141.28,203.66,98.49,277.09,1.45,21.24,275.04,185.02,125.56,275.32, ,220.39,128.49,53.21,10.93,28.64,92.68,21.83,134.72,78.00,44.79,104.98,67.97,11.60, ,3.92,1.22,123.43,227.77,52.26,116.28,25.51,96.33,256.28,196.47,275.25,44.41, ,170.98,67.29,63.88,186.50,176.19,90.35,213.55,227.49,11.98,235.93,27.48,202.70,194.14,199.97,246.73,259.52,104.32, ,168.20,186.79,77.97,225.47,86.13,180.69,133.14,232.48,139.32, ,64.04,184.59,298.65,232.18,249.02,284.97,204.70,136.10, ,8.68,217.91,86.47,91.35,210.44,299.17,253.99,113.80, ,77.81,297.35,35.11,46.49,195.68,206.83,291.02,40.46,89.46
42.79,226.61,98.51,261.57,204.44,262.06,109.05,59.68,49.85, ,96.34,248.45, ,280.23,193.25,294.88,155.96,170.78,0.07,33.02,117.55,204.65,220.20,119.47,120.09,74.68, ,189.55,13.20,101.53,104.50,46.64,278.18,258.00,84.37,93.77,44.84,250.67,251.43,243.92,84.46,6.00,78.92,78.61,106.79,143.88, ,190.52,280.55,256.51,59.20,135.07, ,166.30,53.08,20.25,49.05,110.25,62.01, ,140.62,57.38,125.17,23.13,267.18, ,223.68,49.73,180.04,36.11,210.82,164.08,86.19,35.77,268.18,85.60,238.41,276.16,192.05,282.31,212.00,198.26,30.96,243.17,102.93,257.35,68.47,244.83,34.57,51.11,78.39,221.52,203.60,275.97,142.51,3.40,244.26,190.20, , , ,252.58,143.58,181.12, ,35.78, ,86.89,270.15, ,286.95,121.53,222.85,221.21, ,165.47,208.76,277.55,26.93,154.77,196.47,135.53,71.67,299.41, ,269.56,61.29,209.35,219.44, ,140.65,165.42,186.34,146.81,116.29,94.03,44.25, ,179.78,78.61, ,237.17,67.12,213.61, ,96.43,60.86,83.72
108.71,5.64, ,169.53,110.39,270.24,254.06,34.42,55.80,149.76,201.64,12.28,240.51,211.68,1.81,267.30,263.69,126.75,293.78,145.76, ,116.00,213.90,293.24,148.98,115.87,244.19,154.23,273.25,271.12,96.99,124.13,89.79,44.85,175.05,82.13,0.97,238.04,291.32,180.98, ,296.85,218.01,136.48,2.84,248.57,28.65,283.81,164.46,291.61,40.13, ,19.36,81.10,248.58,188.67,212.72,126.40,80.50,31.45,158.84,6.52,291.76, ,238.51,167.41, , ,262.86,226.90,10.54,245.15,72.96,295.68,201.11,15.95,222.10,215.94, ,234.46, ,236.79, ,104.20,153.71,8.46,238.65,93.69,250.18,195.91,172.32,226.00,147.31,285.06,199.05,1.63,47.23,70.30,270.46,208.30,186.25,207.33, ,1.02,171.97,143.75,49.99,122.85,122.41,98.02,5.01,45.25,15.52,208.82,178.94, ,3.11,3.30,94.46,211.47,97.05,186.05,139.12,116.76,283.56, , ,227.73,72.43,33.91,275.07,159.84,298.67,27.95,73.40,227.06,164.71,74.00,18.02,211.91,165.20, ,215.30,285.23,295.09,267.60,26.55,135.84
178.41,112.89,72.20,107.43,100.01,131.07,149.56,62.67,209.39,41.84,180.79,58.37,78.55,151.88,205.70,190.04,286.52,264.49,238.22,115.79,203.47, ,53.03,251.66,200.45, ,25.13,106.28,266.47,109.47,289.93, ,179.96,92.59,63.78,121.10,267.10,39.18,48.31,205.02, , ,209.77,130.60,15.07,266.83,23.58,189.82,191.25,138.05,252.67,135.15,37.55,233.09,16.21,168.94,281.38,26.70,207.32,191.50, ,158.34,94.99,12.10,134.77,271.81,34.56,253.76,211.19,41.42,72.22,156.86,4.20,20.15,62.70,86.85, , ,107.37, ,119.47,23.48,149.41,235.91,95.86,234.25,85.66,224.09,79.03,112.69,237.68,297.12,94.89,63.99,89.57, ,209.04, ,110.40,94.37, ,190.23,92.16,176.21,266.18,93.36,97.38,121.39,24.89,200.31,0.51,96.67,169.19,93.79,116.10,215.83,86.55,252.96,148.15,193.04,113.86,298.04,14.17,16.66, , ,46.15,157.36,164.81,148.52,148.01,187.24, , , ,80.00, ,209.17,132.37,31.95,234.28,249.85,85.18, ,131.33,25.27,227.08,122.67
199.83,72.93,214.33,133.57,199.25,203.51,283.98,276.75,160.82,64.24,108.05,279.67, ,4.94,59.40,36.19,256.60,18.02,37.82, ,32.16,205.45,208.79,162.22,3.83,208.42,134.81, ,114.48,270.43,169.37, ,205.57,132.78,292.93,66.88,106.89,21.67,34.72,201.77,116.01,219.98,273.67,40.90,169.27,82.21,166.12,164.87,86.95,100.75,50.71,137.56,266.67,169.94,89.70,198.33,277.32,230.15,173.11,62.77,267.80, ,133.92,195.94,43.97, ,123.84,173.99,101.91,120.63,142.06,43.56,116.05,158.70,271.87,17.25,74.18,179.63,118.96,1.18,180.61,30.93,139.08,265.86,45.59,212.83,296.82,228.03,277.28,159.07,118.54,283.80,161.36,297.97, ,299.15, ,193.93,185.15,240.76,273.99,237.50, ,234.32,102.03,120.50,206.26,7.30,53.47,243.93,197.99, , ,229.16,91.07,282.83,205.75,98.07,71.33,66.09,128.12,52.84,56.88, ,64.18,71.75,285.62,162.20,205.63,139.03,150.42,286.13,9.76,72.57,191.29,267.95, ,136.06, ,192.94,152.49,250.58,221.32, ,83.53,118.52,285.10,293.29
107.95,98.88,40.36,119.21,268.68,283.40,265.95,297.68,270.09, ,194.32,61.61,259.65,225.72,192.78,95.81,155.50,80.77,103.96,202.63,50.19,185.17, ,2.77,59.58,107.42,167.18,246.61,243.19,200.11,47.07,141.52,103.15,109.73,9.08,89.19,241.43, , ,192.71, ,252.29,56.40, , ,83.90,283.12,113.34,285.26,170.36,164.13,123.95,84.56,139.89,256.61,91.45,40.58,1.96,261.91,130.16,98.29,113.99,152.25,110.25,288.32,151.72,56.08,203.15,290.85,136.06,190.90,0.44,117.76,224.36,60.75,280.43,268.58,240.45,21.76,258.33,31.30,162.53,85.72,228.03,108.72, ,299.62,24.47,109.36,155.46,87.62,169.47,178.56,187.11,285.65,257.71,269.11,158.26,153.47, ,230.04, ,254.07,40.22,263.39,5.40,38.62,28.83,39.68,171.98,206.77, ,164.48,133.70,11.62,85.71,174.72,268.22,269.81,263.55,263.89,253.75,151.75,111.57,86.46,231.81,225.72,177.84,242.81,22.43,201.74,190.00,123.88,299.78,158.72,42.05, ,295.80,228.21, ,288.04,35.87,142.28,9.30,51.79,31.67,206.55,182.36
9.86,254.78,99.94,272.98,236.10,137.79,277.65,158.36,9.40,185.55,155.82,171.81,146.96, ,53.52,164.19,146.75,104.85,270.36,129.38,154.45,250.13,156.48,154.26,139.90,7.71,204.31,163.39,49.53,93.76,203.75,253.12,128.37,206.90,276.32,211.08,215.10,126.67,291.71,193.75,29.42,123.19,104.03,45.66,53.44,256.60,97.36,7.69,267.69,24.47,250.87, ,165.97,201.44, ,182.37,220.09,32.77,145.53,29.85,290.35,30.61,40.48,156.66,53.70,262.76,68.36, ,143.13,110.49,17.15,226.95,119.05,181.22, , ,192.19,8.36,206.08, ,34.05,64.14,236.32,165.92,240.52,147.81,290.13,37.27,119.34,8.14,66.94,242.36,62.66,93.31, ,48.61,57.96,118.24,96.91,11.63,85.66,249.40,181.40,143.05,261.12,78.63,95.70,161.57,11.76,273.96,3.31,104.00,183.16,206.98,67.37,81.65,109.88,258.82,172.83,61.76,130.63,53.15,89.49,106.99,194.12,151.14,103.53, , ,177.37,266.75,84.29, ,194.17,56.60,252.27, ,86.22,87.61,215.43,54.09,278.35,103.38,145.64,84.63,193.59,270.02,206.75
208.73,248.49,61.13,240.44,81.16,208.69,166.03,45.87,146.54,168.34,153.70,156.82,118.32,200.33,210.74,142.65,111.61,107.64, , ,92.33,74.74,175.01,125.14,160.89, ,29.23,98.79,78.42,161.53,237.45,39.58, ,159.05,183.67,28.87,14.77,114.98,122.22,30.27,210.86,219.04,220.39,254.74, ,291.86,47.90,75.00, ,167.53,129.96,213.22,159.94,280.04,17.51,264.91,49.61,238.94,31.73,109.29, ,28.35,248.07,207.63,163.72,190.60,11.42, , ,101.73,150.29,268.98,41.56,2.16, ,270.81,115.03,235.53,108.45,186.04,121.48,48.42,99.70,14.36,182.14, ,133.61,219.86,287.46,119.34,178.76,260.44,190.08,63.35,148.99, ,33.69,223.19, ,22.89, ,64.38,0.60, ,35.51,59.13,88.88,12.59,253.51,95.46,13.56,271.63, ,285.72,234.70,278.35,231.80,152.32,42.06,203.78,188.44,57.72, , ,224.00,189.71,183.22,210.58,4.93,178.04,269.38,199.55,149.08,166.87,127.53,154.32,207.53,62.55,254.17,201.45,270.43,75.18,124.44,195.67,58.91,120.02,186.46,276.02
150.92,36.93,51.82,9.76,234.02,224.60,254.97,66.35,217.20,79.04,127.30,171.02,48.43,214.49,10.60,270.42,33.41,139.97, ,149.73,132.64,269.18,177.00,87.17,12.44,181.44,56.00,225.10,204.58,156.70,226.74,109.89,80.62,228.23,15.86,210.43,300.00,169.32,274.85,279.40,185.20,41.37,17.00,183.41,182.61,61.05,87.33,197.61,288.19,33.80,203.81,152.55,123.85,80.80, ,60.21,163.57,127.37,238.05,288.18,276.46, ,85.81,91.63,283.56,109.27,83.87, ,236.42,85.45,297.68,236.67,270.16,278.94,205.00,191.37,76.62,221.47, ,37.09, ,20.65,46.32,252.63,299.62,276.27,147.35,269.23, ,239.39,10.78,89.26,228.28,4.39, ,1.70, ,90.64,261.65,33.10,212.02,299.29,68.76,248.42,53.60, ,292.98,85.32,5.95,258.18,17.48,192.30,104.02,109.82,94.95,123.91, ,216.40,82.31,178.28,27.87,63.17,224.86,187.74,285.82,212.93,218.31,166.51,71.23, ,162.04,116.53,189.40,202.36,180.07,161.60,215.40,273.98,18.34,205.55,239.67,186.03,24.68,80.39,224.48,9.48,174.98, 
64.37,274.83,103.85,209.28,77.75, ,95.56,242.48,294.19, ,180.22,132.18,176.42,257.95,103.83,131.61,116.95,153.62,243.66,254.14,272.11, ,260.75,176.80,128.56,85.38,51.22,68.23,57.83,42.64,266.42,146.07, ,42.05,295.85,7.34,138.66,281.88,240.20,171.16,237.89,228.80,93.37,242.17,168.04,220.70, ,7.82,267.43,70.63,207.75,24.65,194.99,139.61,244.31,60.51,186.82,16.54,196.03,2.93, , ,294.79,178.85,205.88,214.50,163.59, ,188.24,227.83, ,117.19,68.54,224.40,280.36,16.13,67.70,250.47,126.74,239.80, ,145.68,162.38,15.47, ,203.71,82.87,84.22,232.72,77.75,108.12, ,124.25,165.77,184.96,270.05,168.07,78.10,127.53,135.95,225.11,46.70,73.84,273.95,75.48,51.64,234.84,30.67,44.23,202.39,124.71,59.41,148.10,6.54,77.99,118.62, ,165.32,207.31,166.78,83.57,232.85,228.33,46.84,86.83,189.81,67.99,75.43,210.35,67.32,290.93,4.59,43.28,186.86,178.00,131.80,47.14,277.73,107.25,262.88,267.85,210.10,214.95,96.61,198.48,11.27,73.74,183.44
 ,70.31,63.77,199.42,171.09, ,146.56,27.63, ,295.48,175.50,177.08,127.92,59.51,13.65,65.60,132.36,215.28,250.24,26.62,4.38,113.72,44.27,35.08,150.44, ,25.94,292.92,189.79,246.48,8.94,247.24,27.75,253.73,80.10,257.04,237.16,43.47,199.02,279.69,78.95,168.57,72.11,291.86,156.79,143.54,133.73,204.18,220.64,91.91,90.69,230.48,203.70,272.45,202.47,155.45,262.38,86.31,185.51,296.38,16.51,208.03,230.69,11.72,270.12, ,60.81,82.55,56.28,61.11,258.97,14.45,275.62,26.70,223.97,6.48,121.39,174.30,77.09,283.35,256.63,80.49,239.56,106.09,219.55, ,178.52,169.29,156.07,145.61,131.72,172.66,71.88, ,43.51,258.81,24.57,113.85,232.88, , ,49.24,206.18,66.17,73.37,242.70,30.69,112.84,281.54,53.06,183.13,96.75,123.44,57.39,226.39,290.69,29.25,82.14,244.01,22.06,33.38,298.50,73.63,45.26,22.18,55.77,194.89,47.26,273.85,255.61,94.91,94.73,286.22,59.59,25.18,247.61,46.41,122.64,57.45,175.21, ,230.99,161.11,32.19,57.37,135.04,231.75,52.34
67.56,115.50,254.40, ,12.97, , ,63.60,3.51,28.59,169.80,130.84,45.72,10.68,145.32,114.31,20.62,294.22,285.72,204.24,237.42,126.43,52.82,77.90,128.84,26.06,120.01,251.95,167.17,48.28,230.92,239.15, ,233.37,18.53,105.62,162.81,27.84,75.64,69.64,46.71,158.02,296.13,297.30, ,259.94,194.57,72.73,142.39,67.08,124.07,149.39,155.27,53.32,247.85,216.66,17.89,237.84,88.91,60.55,134.84,160.91,211.34,163.13,39.19,97.51,222.68,188.74,119.11,224.96,213.24,146.78,234.40,294.38,37.37,274.08,75.42,201.63,68.64,40.49,294.97,271.10,84.90,295.59,101.90, ,15.14,117.75,296.57,240.67,239.73,293.96,71.02,13.57,197.59,98.27,73.29,276.52,21.17,286.53,238.26,196.15,269.25,199.69,216.26,285.69,135.95,267.94,108.60,264.74,59.84,11.62,299.29,124.07,124.50,245.65,17.67,16.17, ,215.86,71.96,238.42,192.16,195.89,26.67, ,32.86,126.89,70.36,32.62,146.64,5.02,219.89,234.09,9.61,151.91,161.75,200.77,100.28,285.58,145.51,263.27, ,90.15,170.57,255.46,62.97,70.02
 ,92.71, ,102.33,120.44,40.89,265.44, ,84.28,28.24,279.14,108.15,81.66,249.93,286.45,60.96,84.96,131.50,5.57,279.99,220.46,225.60,10.11,77.85,172.35,24.18,97.59,230.85,163.33,177.24,195.72,248.82,154.41,158.34,180.34,44.70, ,270.30,193.11,127.67,198.84,11.69,31.36,281.19,7.36,87.84,57.70,105.96,180.45,196.72,66.61, ,167.41,55.44,111.17,44.90,280.77,110.36,10.02,12.29,261.74,8.47,231.97,224.84,214.96,167.06,177.72,40.53,120.17,262.36,177.89,30.01,285.92,189.76, ,202.05,56.49,225.04,8.29,100.21,174.51,145.70,89.04,170.43,167.97,96.53,144.28,129.32,89.72,192.69,64.43,2.23,171.07,296.29,186.83,158.00,7.81,191.25,51.50, ,219.48,27.56,172.36, ,175.29,117.79,6.72,162.73,3.14,236.24,213.16, ,71.16, ,74.86,200.59,137.33,45.84,159.17,37.76,212.74,211.58,281.04,212.75,227.27,177.57,215.32,286.57,161.89,114.98,246.64,63.11,147.19, ,6.36,287.13,86.32,208.46,181.22,29.60,54.04,202.55,160.82,204.11,155.17,287.05,21.73,155.03
149.81,55.08,137.57,153.04,242.39,40.75,188.27,148.59,15.85,159.85,44.42,48.74,139.06,291.51,38.41,266.49,110.53,44.38,63.78,172.00,258.92,129.78,283.10,89.50,29.52,175.62,13.31,273.53,260.14,13.17,111.59,186.76,1.23,170.24,128.56,71.18,254.99,234.67,179.32,237.05,273.51,282.78,37.03, ,297.17,152.37,32.95,182.48,133.26,125.32,242.18,269.44,122.55,264.32,49.72,297.69,261.99,241.33,147.39, ,144.56,240.39,151.96,22.76,205.68,232.36,78.56,73.40, ,243.79,283.11,61.01,252.07,91.17,271.82,91.05,83.12,0.24,62.01,246.16,278.35,101.41,161.10,155.70,123.78,41.83,93.00,87.69, , ,238.47, ,29.52,200.53,157.75,1.58,70.09,208.76,272.04,13.72,146.77,297.13,24.86,39.26,191.71,253.53,22.80,187.98,208.70,291.89,212.44,296.87,164.10,135.16, ,148.88,43.46, ,289.72,110.64,284.46,113.32,72.92,289.19,188.44,49.42,264.34,173.80,244.39,166.84,174.03,228.43,107.00,190.13,217.11,125.71,3.12,139.57,75.16,36.95,26.65,143.94,48.23,252.20,55.63,72.17,182.59,113.16
60.94,86.32,4.06,179.62,151.06,83.23,147.95, ,174.60,33.76,254.77, ,247.39,236.84,36.78,20.17,109.02,153.23,59.16,107.36,164.48,257.97,184.64,67.88,280.52,108.23,229.19,263.90,266.84,196.14,20.17,153.56,297.42,24.52, ,131.88,28.57,253.33,274.94,44.15,39.77,157.63,247.75,149.78,284.19,20.48,70.69,141.38,234.21,224.39,12.26, ,40.83,239.49,121.50,61.24,38.51,28.54,27.56,74.17,30.08,172.37,195.38,159.27,43.37,19.65,19.70,20.32,222.48, ,43.98,138.87,297.06,243.43, ,289.32,98.12,120.31,37.30,79.64,110.96,204.02, ,223.72,177.48,129.00,61.87,95.84,87.88,119.41, ,65.65,9.98,40.03,134.26,145.99,273.91,36.91, , ,101.66,71.56,123.08, ,296.07,48.53,97.59,115.25,233.59,121.92, ,252.21,253.25,145.52,55.14, ,142.70,206.76,148.06,259.86,140.46,61.60,39.88,56.93,271.14,291.01,87.88,45.27, ,143.46,47.34,47.44,41.30,59.20,272.00,137.94,192.34,90.51,133.75,138.27,220.84,279.90,216.67,59.17,267.00,101.18,101.24,166.79
272.56,20.62,277.87,273.47,252.43,251.54,13.68, ,234.52,54.97,135.27,7.59, ,210.22,183.14,21.23,154.00,275.92, ,253.80,211.81,285.62,75.55,289.47,146.87,83.96,172.41,103.63,290.66,90.22,155.57,184.49,255.67,181.43,116.62,163.47,259.23,4.21,220.88,200.14,217.67,269.59,203.33,270.09,45.64,57.25,161.98,106.72,120.02,247.94,123.37,265.06,260.49,117.38,262.96,249.13,1.62, ,204.94,240.80,37.58,156.17,163.09,45.51,217.93,228.68,157.02,119.63,0.58,56.99,51.87,131.08,76.13,203.21,41.74,79.99, ,236.17,8.22,63.63,252.01,217.64,254.30,226.22,258.30,250.91,67.00,271.34,101.54,202.71,62.88,162.61,191.85,160.31,132.85,189.03,21.22,191.45,64.39,169.44,132.80,162.95,145.77,199.29,155.43,29.92,148.72,60.51,291.31,240.64,144.77,209.03,236.33,141.51,218.14,23.42,131.30,250.74,20.66,224.38,252.03,94.40,146.83,141.32,75.75, , , ,171.33,147.97,228.02,189.95, ,240.89,58.47,47.34, ,271.71,293.68,49.62,72.85,235.76,280.29,173.29, ,44.61,77.32,215.33
206.37,98.11,224.57,38.89,235.71,243.62,74.23,240.55, ,145.09,153.47,122.14,26.18,71.37,128.81,228.81,294.16,152.93, ,9.51,279.58,260.86,136.15,92.84, ,35.32,8.16,47.16,215.54, ,286.91,10.59,15.65,68.86,218.34,106.43, ,86.01, ,9.21,86.54,85.92,137.37,298.45,54.87,241.70,10.53,215.04,3.32,86.54,29.45,282.46,232.73,221.89,124.51,115.03,33.16,201.34,208.65,196.68, ,138.38,39.07,6.77,70.31,146.73,266.90, ,102.78,198.01,190.15,255.78,233.58,206.13,159.46,34.72,78.30,194.52,102.32,176.80,31.82,9.24,81.16,299.25,245.19,208.62,219.78,140.52,153.33,288.28,161.44,68.93,86.25,109.77,224.96,51.08,100.83,131.08,221.16,65.93,27.59, ,247.37,142.20,292.27,89.01,50.29,74.00, ,37.45,86.82, ,137.91,187.20,50.28,119.39,135.12,208.20,287.43,248.61,256.30,18.49, ,68.78,19.94,55.56,158.62,19.80,280.29,132.20,289.27,297.91,36.51,78.09,271.07,94.78,189.97,119.19, ,187.97, ,246.79,58.93,290.54,50.40,17.73,149.35,83.99
176.88,130.90,266.66,188.64,202.68,97.10,13.87,209.85,80.25, ,139.18,245.14,12.45,235.64, ,242.64,212.57,99.53,74.50,145.45,127.64,41.73,70.01,3.45,162.06,136.50,222.89, ,140.80,277.78,6.05,19.09,255.67,84.62,213.11,144.60,278.45,217.97,262.74, ,242.60,290.35,252.31,177.65,54.04,291.90,294.70,149.57,290.67,64.41,201.29,134.41,193.67, , ,289.89,3.51,104.71,11.60,207.09,71.13,177.90,91.61,98.04,152.38,229.35,78.53,132.01,208.16,240.09,122.54,172.72,162.48,119.91,34.44,63.32,288.12,168.61, , ,20.90,55.37,182.98,80.90,46.84,40.67,192.72,216.92,289.26,42.87,253.46,136.17,182.89,258.00,204.02,18.15,38.01,175.18,207.42,235.98,245.14,241.19,139.86,203.30,237.50,238.29,23.48,207.74,198.76, ,102.78,276.03,275.56,202.89, ,158.97,211.22,109.17,241.97,10.52,78.15,91.45,138.98,90.91,21.30,212.46,92.45,255.20,125.58,23.04,261.71,154.65,286.12,25.35,212.85,73.36,283.89,7.44,279.74,169.59,88.02,280.21,232.07,0.62,240.16,79.77,205.67,74.80
198.24,119.88,136.02,102.08,58.05,242.77,207.88,38.83,194.41,176.37,254.45,184.13,200.66,96.47,198.32,298.12,271.42,207.64,11.24, ,69.29,170.11,27.12,145.91,176.88,199.39,119.39,187.50,277.04,110.46, ,281.74,146.29,199.50,60.59, ,287.92,182.89,87.11, ,233.02,17.37, ,20.74,208.79,231.35, ,41.81, , ,50.70,276.70, ,37.29,73.23,140.97,183.23,166.13,161.10,41.10,231.56,176.42,270.08, ,29.72,295.39,173.12,94.76,296.29,187.11,177.58,298.20,95.55,299.82,87.39,160.37,30.53,222.87,192.28,197.06,180.21,61.10,238.53,203.15,260.20,92.05,2.58,271.47, ,271.29,103.92,77.77,100.79,73.23,192.25,168.72,284.07,175.35,299.70,240.56,291.41,26.58,33.39,100.66,133.35,48.91,142.21,87.63,126.65,214.66,264.73,133.16,144.56,286.21,39.73, ,31.14,105.36, ,222.19,122.49,32.92,292.81,298.09,118.13,241.31,143.65,116.19,154.84,285.33,105.00,67.82,56.19,289.16,16.38,177.49,266.88,10.28,85.55,40.13,133.11,236.48,187.47,253.57,13.41,183.37,263.96,2.21
276.58,236.67,202.70,131.83,24.58, ,110.13,169.40,283.59,250.29,38.30,213.92,16.36,263.98,116.78,136.98,191.75,73.61, , ,16.54, ,158.65,22.48, ,36.29, ,286.58,88.43,166.99,5.91, ,140.68,48.20, ,239.94,47.14,137.06,141.20,147.26,67.59,8.99,206.03,17.01,254.78,182.16,274.49, ,107.52,278.18,6.41,95.66, , ,249.48,61.51,81.02,54.75,70.35,156.79,38.64,26.84,231.56,118.57,290.20,148.37,81.81,220.09,267.21,97.78,152.71, ,233.73,258.60,291.00, ,63.06,90.68,162.95,238.51,141.86,207.62,197.09, ,117.18,112.23,264.67,188.83,232.76,44.62,7.04,171.58,98.68,138.99,53.41,127.08, ,55.79,293.33,231.98,70.05,250.58,63.55,295.00,212.25,232.13,124.60,275.19,66.43, ,255.00,173.14,253.99, ,196.55,90.73,7.92, ,258.50,290.95,261.96,150.25,110.59,204.12,229.05,144.77, ,99.76,262.08,267.74,19.70, ,110.44,15.81,220.21,238.17,212.31,89.62,279.65,16.42,278.55,260.80,40.17,223.08,11.82,21.66,124.62,158.03
178.77,206.27,148.15,10.14,44.58,123.03, ,139.45,278.52,168.80,125.08,24.91,230.36,200.66,254.45,238.53,265.38,95.78,260.52,74.50,284.80,144.01, , ,217.03,68.37,254.57,4.36,72.45,109.31,15.21,59.72,253.26,66.10,89.46,289.26,47.60,38.21,283.10,175.07, ,243.44,19.75,290.30,209.33,108.54,240.23,242.17,125.55,260.07,56.74,163.84,34.30,258.91,121.00,100.98,236.52,7.06,181.30,255.50,222.38,273.07,236.32,56.58,182.52,236.45,3.34,159.95,238.20,263.54,290.20,80.32,108.93,182.99,84.75,80.85,202.53,169.73,269.17,200.72,242.95,90.94,237.47,283.92,69.74,234.87,11.98,286.67,102.57,111.13, ,191.99,210.69,64.17,215.09,250.27,233.43,157.72,24.91,163.65,178.36,135.45,123.09,224.97,253.20,55.14,102.78,34.96, ,99.13,108.14,13.28,23.04,32.64, ,141.25,26.21,177.52,257.91,12.29,244.62, ,299.76,80.28,140.98,139.93,156.76, ,170.04,52.77,155.62,96.39,21.95,16.48,284.26,200.08,157.26,262.05,144.46,215.04,209.04,231.27,165.56,178.89,2.31,6.36,187.19,154.81
225.35, ,209.61,8.69,2.93, ,137.69,236.28,89.19,61.53,294.48, ,173.37,202.10, ,60.04,71.81,201.35,86.14, ,231.81,112.94,172.04,72.44,217.43,259.07,186.70, ,113.79,230.59,81.41,45.54, ,117.35,229.19,142.43,21.29,257.80,8.98,115.38,299.73,206.59, ,93.29,152.78, ,83.37,199.06,29.11,146.82,96.80,260.98,15.15,13.47,116.49,102.79,103.87,264.67, ,60.22,299.66,10.83,296.37,16.36,23.52,262.18,153.66,130.96,53.34,106.36,229.72,129.09, ,231.61,243.14,186.49, ,99.49,109.90,52.13,211.23,183.12,245.63,211.60,129.66,189.82,291.24,64.83, ,297.51,107.41, ,293.90,37.47,45.27,189.26,273.63, ,156.75,118.68,185.49, ,150.43, ,141.67,24.03,185.77,13.93,262.19,287.07,96.28,295.00,269.72,217.29,265.46,44.10,267.56,279.41,80.03,249.95,269.14,183.69,295.53,148.08,256.44,207.45,215.62,296.38,294.85,255.54,287.70, ,255.26, ,246.01,88.37,230.96,169.95,212.41,12.28,123.19, ,30.64,111.27,17.81,227.94,252.15,219.18
232.71,181.02,120.45,44.94,121.24,186.37,14.86, ,75.35,216.88,205.69,82.28, ,78.89, ,31.04,106.77,187.68,163.85, ,54.13,118.08,291.63,111.26, ,59.42,231.36,52.85,214.61, ,170.72,42.54,245.05,165.08,185.20,91.73,247.94, ,66.03,210.26,132.49,126.79,298.58,168.21,195.20,186.56,253.54,213.57, ,211.08,273.50,23.22,125.72,211.10,37.19,254.61, , ,234.46,169.94,124.95,187.81,107.93, ,208.50,173.17,183.48,227.63,73.32,105.48,203.96,81.67, ,189.34, ,123.80,145.73, ,67.11,190.57,63.05,83.54,225.06,218.92,265.29,48.49,4.15,162.12,174.63,258.43,199.53,187.77,79.96,40.19, ,230.76,71.44,105.64,207.71,25.80,108.59,231.36,228.63,228.88,198.96,41.04,126.83,150.70,55.22,224.40,163.26,224.38,137.80,41.59,173.31,228.39,291.86,48.66,184.08,3.11,204.84,45.97,19.41,215.88,51.54,276.91,295.43,149.51,231.30,178.75,258.48,86.52,266.90,170.84, ,173.95,17.56,279.99,237.51,265.10,228.20,289.04,100.81,292.52, ,183.61,226.23,219.94
92.44,147.93,37.81,137.22,278.21,251.81, ,128.47,4.96,97.92,199.67,184.32,132.77,75.80,232.17, ,244.91,52.33,273.60,53.50,61.96,166.14, ,158.97,51.69,198.91,157.92,48.33,290.77,48.18,126.66,284.46,225.26,44.49,268.39,71.60,196.59,245.36,162.46,52.60,268.25,63.75,50.09,168.42,293.19,107.44,196.95,112.01,86.69,140.32, ,211.92,187.72, ,98.07,184.00, ,152.25,155.59,152.28,146.84,260.86,0.58,260.39,192.72,179.17,222.92,40.35,68.56,150.07,26.14,32.23,119.59,279.00,162.90,242.84,24.42,73.19,284.40,117.48,116.18,226.34,230.90,173.93,194.75,147.69,51.75,97.69,64.40,146.51,207.96,237.05,293.05,257.38,43.82,154.57, ,80.90,2.40,73.02,242.33,149.56,148.77,260.91,93.88,166.62,245.56,258.23,249.02, ,226.48,210.17,172.28,161.95,284.07,144.39,151.86,135.51,90.19,275.98,258.87,276.92,259.14,238.28,181.92,272.39,219.03,189.44, ,51.39,148.30,7.07,112.78,269.75,38.67,103.84,93.61,125.89,76.56,11.94,240.72,186.03,137.73,238.56, ,289.94,81.13,98.79
63.64,185.12,85.94,295.34,113.47,60.81,189.32,199.08,60.31,288.99,255.50,47.98,290.41,276.25,288.79, ,52.43,172.03, ,191.89,143.16,52.02,192.50,23.56,44.31, ,33.30,164.84, ,49.38,279.21,152.82,100.66,20.42,11.75,131.22,203.61,209.01,178.34,196.98,193.08,285.78,274.58, ,65.47,16.64,99.58,299.58,142.93,88.00, ,52.35,54.70,171.50,211.60,65.21,251.74, ,237.52,24.45,27.99,236.97,236.67,86.90,104.13,75.54,295.73,244.49,281.29,64.35,112.05,10.21,65.93, ,3.44,294.94,57.22, ,101.84,93.56,257.75,118.57, ,114.30,34.31,241.18,71.51,46.82,196.39,251.62,237.94,194.13,75.11,17.72,53.19,225.68,296.99,60.51,213.19,290.18,181.97,182.28,117.54,139.17,196.54, , ,45.85,67.36,24.32,253.08,124.32,19.45,2.12,151.60, ,141.78,136.74,45.10,190.68,229.38, ,20.17,5.23,156.43,186.98,157.67,258.27,18.81,103.31,57.68,236.25,96.69,149.20,144.18,60.51,168.79,289.12,48.58,254.98,66.94,85.76,282.02,206.60, ,9.91,79.44,258.01
61.51,241.09,201.26, ,19.64,256.97,238.26, ,193.24, ,35.20,294.65,40.35,18.05,211.17, ,175.99,233.43,54.90,168.83, ,160.68,104.32,284.57,123.19,235.82, ,271.02,52.38,70.41,6.29,164.80,274.05,43.91,278.29,82.01,54.97,7.80,241.35,15.35,248.64, ,282.38,190.77,113.14,82.86,185.29,231.58,189.42,275.29,250.66,178.91,129.07,105.58,257.30,175.21,179.66,160.97,239.00,174.49,230.74,118.92, ,50.50,62.15,22.71, ,96.81,71.31,53.91,85.74,107.90,252.43,139.19,149.60,165.14, ,95.88,249.26,154.17,259.33, ,282.03,296.16,113.33,4.72,244.35,178.45,51.41,39.81,244.27,268.79,213.50, ,194.95,117.20,48.15,265.43,58.56, ,137.40,134.39,21.38,232.58,130.99,30.70,174.59,60.21, ,273.71, ,168.66,106.88,39.05,183.20,241.97,176.75,78.13,221.49,89.88,299.33,138.05, ,12.63,151.88, , ,98.53,294.25,185.93,128.47,95.23,11.30, ,90.67,126.18,196.87,166.22,136.93,226.23,16.90,80.48,20.62,271.44,200.32,285.61,189.35,207.57
66.25,242.69,24.16,169.08, ,35.30,121.86,43.46,56.47, ,229.39,37.01,94.98,261.70,49.68,135.53,278.69,184.05,58.70,290.25, ,275.18,246.46,2.64,147.50,264.62,288.50,15.45,54.91,151.03,2.46,271.03, ,172.82,202.14,51.96,159.30,167.57,127.66,125.02, ,184.13,90.55,42.13,61.95,58.78,232.53,215.06,20.94,76.38,97.97, ,290.36,97.85,289.58,122.54,43.08,298.73,25.20, ,131.20,264.44,146.28,251.22,100.53,257.17,136.86,184.82, ,52.02,203.44,76.86,156.21,260.63,245.23,26.29,117.04,77.07,105.88,258.25,74.58,124.40,67.27, ,120.79,188.33,128.50,49.01,86.14, ,241.08,100.95,226.81, ,3.89,32.84,183.26,52.51,24.46,180.95,140.32,129.06,273.89,258.59, ,44.73,227.14,6.04,253.19,246.08,236.74,213.00,54.36,267.18,137.52,48.99,111.51,170.59,24.63,98.75,240.17,239.39,129.30,195.40,178.28,262.64, ,175.63, ,288.70,234.97,268.07,167.75,34.70,219.74,166.48,106.85,161.97, ,291.27,169.38,169.94,36.40,23.44,14.64,200.73,25.34,279.59
194.71,44.00, ,103.33, ,210.18,159.36,180.17,248.07,224.39, ,260.79, ,172.83, ,73.56,199.56,108.71,295.22,252.87,146.77,27.80,266.38,3.52,114.16,170.86,78.54, , , ,7.96,209.45,285.73,81.74,147.29,81.47,243.48,161.94,37.54,266.05,9.62,85.68,59.71,242.32,173.49,140.42,193.82,63.62,88.45,265.81,135.96,250.91,57.01, ,94.55,45.18,128.58,151.76,293.73,234.67,274.63,182.73,110.15,219.70,21.05,255.51,201.02,207.70,59.80,59.59,139.52,220.43,38.79,260.44,173.33,74.82,111.43,4.04,190.16,211.28,288.80,168.00,169.57,170.28,96.26,83.71, ,4.14, ,76.33,105.93,59.42,97.61,138.31,92.43,25.39,239.67,170.49,204.00,183.37,269.43, ,53.15,38.78,119.27,133.61,218.13,43.00,180.88,237.19,6.28,7.92,205.32,180.49,226.11,196.36,189.98, ,243.13,43.33,210.66,134.02,73.65,237.24,98.16,109.72,157.38, ,167.38,110.72,293.69,268.41,37.22, ,41.77, ,85.09,68.09,235.95,14.27,199.57,251.40,296.52,208.05,120.69,52.60,123.29,268.23
236.33,250.10,47.22,159.80,153.55,72.93,190.22, ,89.79,194.13,270.53,48.51, ,123.94, ,247.23,246.55,77.64, ,80.01,40.65,131.53,167.69,283.70,291.66,147.70,120.58,236.19,36.67,93.70,73.63,107.84, , ,292.58,135.81,269.79,12.40,70.66,5.78,238.00,280.81,263.10,73.85,148.18, ,241.88,251.52,78.97,32.47,159.04,61.55,272.84,244.02,8.67, ,63.04,77.38,147.81,145.23,239.75,32.19,235.29, ,249.19,235.63, ,94.67,69.58,257.55,270.32,16.26,111.65,156.55,123.15,229.50,226.03,261.78,286.89,261.53,146.25,291.69,51.84,112.63,112.66,129.01,101.88, ,213.53,33.98,47.72,32.05, ,201.29,222.60,174.94,244.25,227.95,149.11, ,261.73,134.96,230.22, ,75.48,47.31, ,149.86,167.70,63.86,83.20, ,271.39,238.82,237.86,151.57,146.56,48.70,8.83,177.98,214.39,22.15,253.53,111.56, ,293.47,151.29,106.90,48.06,144.79,261.43,115.26,158.12,97.09, ,177.70,224.73,237.34,53.78,98.39,192.16,158.80,268.88,64.23,283.53, ,247.22,31.20
97.62,51.62,295.21,72.42,274.31,216.42,218.28,19.58,299.45,242.41,106.06, ,280.91,108.80,108.64,31.76,255.65,222.74,216.29,222.78,246.63,111.79,5.56,187.40,218.53,31.58,130.63, ,111.55,5.11,179.52,143.86,118.78,273.38,281.23, , ,192.33,288.39,284.77, ,73.94,272.13,1.29,14.99,214.31,202.70,265.39,170.27,184.62,289.41,216.44,45.69,127.43,81.43, ,288.90,83.60,107.26,116.18,204.11,124.34,216.49,255.37,21.02,166.94,260.81,172.68,66.40,23.35,47.16,100.97,46.06,150.94,73.70,63.35,280.91, ,197.39, ,179.72,194.55,15.68,67.36, ,133.75,74.62,201.23,26.02,31.61,88.23,284.29,248.28,36.27,229.88, , , ,233.85,160.03,202.94,137.90,61.14,28.83,193.21,12.21,45.99,218.74, , ,179.20,10.37,99.05,189.57,57.41,299.67,72.97,144.83,156.83,202.84, ,96.05,204.37,246.03,145.28,34.25,56.15,129.75,2.48,260.90,131.18,254.24,157.29,193.45,13.68,270.99, ,67.04,195.94,45.43, ,222.38,258.26, ,88.00,263.26,10.75,292.96
172.06,252.37,235.02,42.59,291.51,26.00, ,221.94,86.76,191.02,2.39,287.67,237.27,226.42, ,144.24,143.35,133.58,45.21,116.24,103.04,29.74,166.30,50.98,157.84, , ,298.41,154.64,196.01,188.00, ,32.24,83.78, ,179.50,289.25,181.55,103.49,221.34,282.37,188.23,268.34,7.18,256.43,228.32,53.98,147.49,148.56,78.20,155.20,290.85,253.43,236.75,83.70,26.70,130.40,206.28,212.63,65.49,75.29,21.50,110.13,123.69,103.54,155.78,159.58, ,113.01, ,169.93,198.04,168.80,111.57,127.18,288.55,193.26,186.48,193.11,83.75,255.29,218.68,146.03,257.71, ,276.74,61.20,187.22,248.26, ,23.34,93.61,235.51,75.72,201.63, ,285.38,73.89,204.32,18.70,142.68,173.86,257.11,198.88,192.90, ,262.30,102.83,182.37,42.78, ,244.41,278.92,212.56,102.45,237.78,99.46,89.08,199.87,208.38,190.53,245.89,63.59,53.34,298.75,162.28,252.00,183.78,36.47,283.73,213.21,260.07,1.97,285.99,95.34,0.60,295.66,236.39,62.87, ,61.61,41.02,33.40,202.23,184.17,248.05,211.79, 
224.46,32.31,73.38, ,73.98,100.48, ,159.73,39.64, ,121.04,163.41,227.18,118.76, ,66.81,276.00,117.60,107.91,110.91,277.56,255.27, , ,140.99,59.07,214.42, ,293.90,156.10,133.07,32.44,41.68,173.28,284.49,85.96,184.65,111.95,222.52,116.62,44.02, ,224.64,161.35,200.89,82.41, ,57.27,259.13,21.30,77.00,206.15,140.18,130.21,191.20, ,7.82,199.19,208.31,207.37, ,108.26, ,230.23,189.82,19.41,105.94,65.78,57.97,251.92,58.95, ,111.68,47.79,258.42,270.98,255.55,132.40,39.07,294.04,154.77,118.75,184.63,209.32,28.54,248.28,197.02,217.28,211.55, ,169.97,42.35,268.80, ,32.61,49.57,221.41,105.33,47.88,10.73,286.32, ,234.60,292.29,133.86,298.48,72.37,112.19,120.68, ,205.30,19.77,140.24,159.20,281.33,235.53,164.30,31.32,156.45,251.87,81.76, ,180.69,110.31,139.95,73.86,136.28,57.42,27.70,250.35,279.93,208.81,21.74,3.31,287.11,233.18,32.97,172.34,211.27,206.54,213.63,88.87, ,146.30,195.56,91.41,124.82,77.64
 ,208.30,251.89,51.33,125.89,71.11,297.95,280.88, , ,184.90,244.41,268.76,248.33,176.87,238.47,194.80,96.31,135.39,298.51,233.27,271.01,122.64,286.75,173.46,298.02,142.80,111.13,27.89, ,204.77,163.68,71.43,126.80,34.35,173.05,108.27,192.07,120.09,99.39,34.50,221.62,262.53,204.00,191.95, ,96.71,162.98,211.51,254.00,96.28,259.09,237.26,209.42,76.64,149.29,104.96,221.87,231.56,101.82,277.87, ,74.58,167.93,116.87,155.78,26.14,162.01,222.04,252.91,195.19,121.23,128.33,117.31, ,203.23,27.47,193.26,255.68,200.35, ,130.21,118.41, ,280.42,220.06,152.75,294.17, ,189.61,103.49,30.62,210.15,152.77,51.86, ,150.48,204.39,215.74,184.38,215.66,271.94,263.77,27.72,0.82,147.55,144.45,35.90,64.61,122.53,246.36, ,96.85,107.17,9.00,47.21,240.47,53.04, ,177.73,133.72,144.88,183.83,135.73,259.09,114.23, ,60.59, , ,182.59,20.27,90.97, ,31.44,25.71, ,203.45,288.99,56.44,265.83,105.98,4.85, ,86.47,60.38, ,217.82
87.65,249.97,5.57,210.06,248.36,140.33,229.26,233.80,99.57,31.47,85.19,211.87,122.79,145.35,295.88,56.98,1.27,262.15,229.60,291.89, ,132.22,119.18,263.57, ,163.20,266.65,172.67,33.36,152.90,294.06,241.89,232.31,57.98,250.00,66.68,165.54,74.11,75.77,158.87,96.75,16.99,270.46, ,3.83,94.82,179.18,124.44,175.91,288.20,17.60,137.05,141.32,33.60,169.41,195.49,166.00,67.05,188.03,171.33,141.84,74.40, ,198.84,85.65,239.44,284.04,293.07,56.54,277.13,256.13,288.65,212.39,73.24,94.24,13.12,171.80,60.50,189.01,144.05,225.78,130.68,298.71,153.35,210.47,148.40,176.87,172.80,43.27,231.05,276.00,123.60,223.43,40.61,143.43,87.09,268.14,279.03,41.53,22.09,262.85,118.60,7.55,228.98,237.43,188.32,104.19,61.22,196.02,140.06,286.49,108.66,144.92,221.48,220.06,138.44,114.06, ,121.61,251.61,185.87,60.74,215.83,160.52,268.68,83.50,248.83,116.80,155.57,124.94,124.55,180.46,182.57,30.11,85.94,176.60,93.36,71.10,10.00,252.63,193.96,286.81, ,103.61,202.36,171.20,132.65,124.84
122.28,170.23,48.28,3.07,245.30,91.19,250.42,207.11,216.76,215.91,290.02,105.81,27.62,136.76,216.72,0.39,223.94,165.47,22.56,292.32,108.95,222.35,106.30,288.47,72.70,82.63, ,188.44,251.53,91.86,82.17,112.19,277.40,286.64,5.37, ,273.24,25.45,23.50,25.05,154.83,216.36,160.48,125.89,91.79,207.45,73.51,15.79,238.31,181.32, ,36.50,277.21,155.35, ,287.11,36.10, ,252.46, ,92.72,271.66,196.63,88.11, ,103.89,78.33,46.15,106.46,96.17,83.28,256.46,238.63,143.51,149.90,159.96,188.69, , , ,156.75,232.01,265.20,75.10,142.98,174.15, ,257.82,89.06,116.30,68.58,108.26,55.79,224.46,33.46,17.68,58.85,227.33,144.19,130.71,167.13,86.03,9.62,101.65, ,217.96,26.71,234.64,233.56,169.65,236.32,195.72,130.59,158.97,218.90, , ,50.26, ,143.02,260.67, ,218.80,123.68,40.40,190.69,261.18,152.00,132.09,129.13,122.43,148.88,171.22,172.11, ,88.92,253.41,9.17,268.38,74.40,212.20, ,186.17,164.93,291.40,85.89,259.69,108.64
249.64,274.37,201.34, ,265.84,260.26,233.30, ,7.70, ,140.42,245.18, ,283.36, ,69.25,68.75,154.91,227.21,151.70,36.11,259.63,163.45,276.97,148.54,104.45,182.79,238.20,179.19,111.33,159.30,151.19,158.14,105.38,140.86,134.32,137.96, ,1.41,155.90, ,279.68,153.46,147.48,290.44,141.91, ,1.21,282.79,140.49,34.65,129.75,60.16,129.69,185.66,167.95,229.27,21.23,183.80,279.36,174.14,117.37,137.63,258.26,47.84, ,82.49,239.05,84.76,203.92,131.43,106.82,264.29,194.21,20.97,75.52,252.05,113.80,219.18,186.21,280.23,148.89,9.55,136.94,33.71,33.17,75.88,38.11,277.16,136.34,10.23,294.55,293.41,190.23,40.74,252.18,61.41, ,70.96,220.63,222.71,198.45,37.38,125.95,15.60,213.89,68.51, ,30.79,116.63,31.75, ,283.92,58.87,262.03,273.99, ,196.69,193.55,181.54,110.48,247.59,172.99,237.27,269.58,117.91,189.07,243.57,133.58,245.41,83.94,192.56,70.35,110.76,73.78,195.90,251.40,53.02, ,290.29,74.37, ,160.57,90.69,33.95,226.05,142.84,54.61
276.59,124.65,88.87,79.65,82.69,128.25,155.44,126.00, ,84.35,167.97,10.30,265.71,198.16,77.42, ,112.82, ,237.47,213.52,51.74,218.59,26.54,238.23,180.30,266.98,136.40,196.40,107.06,81.28,107.20,213.38, , ,231.54,70.21,44.88,43.35,204.74,17.77,29.46,59.77, ,196.17,59.11,238.45,124.15,28.43,157.05,254.37, ,163.36, ,208.24,255.28,52.07,189.48,54.63,254.82, , ,182.46,193.87,230.60,64.60,0.87,94.35,176.82,118.61,73.13,49.53,198.56,53.58,296.65, ,251.47,125.84,41.74,296.33,65.80,227.26,15.22,119.18,25.73,89.08, ,115.93,81.93,79.06,102.54,243.72,27.18,103.96,144.74,125.96,4.97,234.66, ,83.57,126.00,129.37,37.22,31.01,264.83,93.74,148.04,44.05,196.63,230.12,291.79, , , ,292.54, ,148.07,53.04,126.72,189.16,65.31,178.63,265.67,130.47,141.82, , , ,170.00,13.37,216.95,213.54,246.43,57.57,170.64,90.58,220.80,118.37,133.16,106.65,278.98,247.35,160.24,175.08,50.52,69.52,201.02,176.97,100.66
111.31,266.17, ,186.98,142.73,289.59,134.59,270.23,42.47,215.19,298.82,78.80, ,46.27,298.02,235.75,157.77,69.98,248.96,10.92,237.08, ,228.33,190.11,228.42,22.29,260.86,89.05,208.38,85.93, ,9.16,200.70,279.48,290.88,65.03,33.84,40.67,230.44,18.93, ,251.51,286.17,172.39,252.02,179.22,77.43,47.11,181.94,289.33,204.92,217.66,251.62,247.39,150.22,99.37,4.08,130.49, , ,65.46, ,244.68,161.07,0.33,107.86,160.26,119.30,178.15,29.66,273.42,248.14,209.46,139.02,57.85,223.59,194.73,144.37,92.07,65.33, ,173.18, ,133.67,114.67,152.09,109.75,254.42, ,163.89,99.47,43.09,47.82,123.47,248.18,278.74,28.20,129.99,77.90,35.06,281.29,56.06,156.63,80.04,142.00,199.76, , ,170.21,46.67,2.66,256.55,248.48,52.54,186.14, ,221.20,226.39,90.47,124.70,132.06,114.03,238.98,144.16,225.71,228.51, , ,175.94,171.85,296.74,46.83, ,268.02,121.82,252.06, ,224.08,100.01,81.88,93.61,220.83,186.18,238.70,72.71,93.18,275.33,194.89
217.10,290.17,212.14,30.75, ,254.83,87.08,173.75,86.55,46.90,285.97,44.56,268.95,228.14,134.53, ,156.68,198.71,13.87,73.12,196.82,299.45,147.26,162.44,78.93,20.23,248.20,229.36,185.41,11.30,223.09,207.31,264.54,226.61,216.88,23.02, ,22.47,207.18,264.83,93.78,200.74,175.26,207.93,2.62,269.73,219.58,8.86,263.64, ,242.05,225.69,145.46, ,247.85,2.39,73.30,139.74, ,15.00,282.69,93.88,243.15,198.76,204.28,205.90, ,147.94,49.75,196.38,100.55,228.15,56.90,199.12,275.49,211.64,256.56,160.63,128.22,134.50,260.32,276.37, , ,30.39,237.33,241.77,71.00, ,127.90,39.95,146.86,236.18,270.38,74.23,249.46,40.62,90.60,296.31,229.88,100.47,57.95,78.05,98.24,236.66,119.33,250.69,290.44,179.80,8.11,166.95, , ,277.51,280.78,244.99,94.44,46.94,72.71,248.22,72.96,97.09,161.50, ,151.94,38.29,242.76,279.71,76.65,177.84, , ,196.56,246.09,125.67, ,250.66,185.67,231.58, ,93.08,74.39,265.20,57.78,105.01,108.29,224.78,133.22
137.79,171.57,271.79,182.36,247.90,172.19,160.64,187.42,185.51,198.74,74.50,58.66,294.02,61.16, , ,11.64,224.16,74.75,180.45,182.47,186.18,99.87,209.62,0.54,249.10,245.83,155.79,203.11,171.43,68.61,158.65,15.38,263.46,278.76,47.25,272.26,215.89,280.25,59.42,220.64,180.06,32.12,170.95,185.66,199.50, ,58.15,82.27,297.98,119.71,219.66,114.16,196.84,133.33,245.71,242.99,294.18,286.35,280.40,215.69,121.08,89.68,204.47,20.18, ,139.90,264.02,158.50,17.68,250.44,290.50,283.01,58.73,231.09,72.86,4.45,273.75,185.33,78.87,173.16,101.64,25.67,133.90,182.76,228.97,191.60, ,174.61,256.49,95.30,39.93,49.70,221.73,20.91,2.97,247.87,179.83, ,245.48, ,128.25,123.10, ,42.57,12.63,115.70,2.08,19.63,210.65,171.77,176.11,137.72,194.36,134.13,131.97,250.13,207.86, ,169.31,191.78,47.19,144.21, ,5.17,50.68,201.73,50.57,168.93, ,63.29,166.26,142.28,168.71,153.73,17.59,99.82,51.55,7.92, ,108.55,220.42,116.75,81.68,199.99,55.62, ,65.93
232.47, ,101.18,198.00,94.19,266.26,272.59,11.48,287.17,69.28,279.25,29.75,53.36,11.54,161.86,174.92,257.90,4.52,159.73,225.52,123.55, ,96.14,268.95,292.23,33.77,68.23,229.57,273.17,140.70,21.17,257.08,124.03,285.93,199.93,108.64,12.00,111.32,5.48,72.62,169.25,197.53, ,127.11,299.38,207.35,7.58,38.61,197.51,274.93,278.75,189.27,175.38,243.91,195.18,56.14,193.43,90.42,188.73,197.56,203.94,269.64,178.38,200.51,87.07,156.52, ,45.79,214.19,142.32,130.67,253.84,59.93, ,190.84, ,88.40, ,193.31,146.96,171.10,147.58,222.90,23.98,49.90,175.90,64.70,116.06,27.44,291.12,253.61,148.90,270.37,220.57,204.95,235.37,115.00,34.21,87.05,299.62,280.57,122.34,249.13,276.47,78.04, ,31.65,269.27,119.92,237.34,216.32,218.97,119.87,26.57,88.97,157.40,65.33,48.27,282.04,87.07,64.71,78.97,204.22,113.12,59.61,7.74,55.33,268.30,228.62,32.98,79.62,243.51,223.29,255.55, ,42.61,43.16,242.92,1.49,252.64,50.77,33.37,58.44,295.00,188.70,266.62,69.49,149.81
80.28,169.99,120.04,149.56,9.88,2.72,83.64, ,134.41,70.37,16.91,156.13,219.16,217.16,215.49,275.26,154.44, ,140.05,212.53,100.09,82.09,233.78,58.18,0.14,41.16,33.56,17.39,290.77, , ,78.88,91.49, ,208.33,269.92,121.27,245.31,41.62,277.47,106.31,207.50, ,68.77,61.02,140.63,249.54,168.02,17.33,237.23,167.84,117.11,267.24,258.37,118.27,288.39,112.80,233.12,226.04,92.29,88.04,38.86, ,206.88,292.16,3.24,34.22,256.46,116.45,5.66, ,12.15,176.99,52.41, ,278.45,153.00,200.04,4.37, ,211.25,52.90,6.88,111.86,148.72,272.54,164.80, ,176.95,210.18,268.09,62.62,132.29,212.06,1.55,269.96,127.68,115.20, ,7.45, ,156.17,109.11,41.11,71.19,124.72,219.96,1.66,39.35,198.20,166.28,167.84,262.04,109.84,200.83,84.70, ,240.87, ,278.86,245.02,53.47,31.42,162.54,256.00,167.03,153.30,53.95,169.55,16.65,93.24, ,177.93,296.58,229.79,97.66,277.58,118.67, ,92.10, ,48.11,79.23, , ,256.26,282.09,2.82
65.49, ,243.42,27.76,285.58,159.88,37.90,169.46,186.72,295.07,9.66,178.15,71.84,168.24,272.79,60.84,205.99,265.45,36.94,211.64,53.54,73.29,79.11,176.66,204.31,64.75,278.53,125.94, ,294.18, ,134.67,140.66,150.38,190.08, ,101.71,152.85,283.12,252.35,120.95,130.18,282.93,271.20,170.10,159.44,129.97,298.95,206.48,149.59,229.69, ,31.40,264.76,229.86,156.99,30.00,285.92,58.10,293.87, ,15.45,64.44,209.20,144.63,103.01,128.26,31.12,64.11,204.92,207.71,125.73,143.96,49.35,259.00,160.50,279.59,86.31,21.37,107.43,111.18,160.21,243.14,179.60,169.18,276.00,198.48,140.32, ,189.68,261.62,69.57,248.69,290.87,266.89,100.16,97.55,293.10, ,184.43,260.99,1.10,130.49,38.72,242.01,160.49,2.97, ,207.53,166.17,71.01,184.77,265.95,181.76,19.30,143.48,96.50,236.98,27.58,72.21,78.56,158.89,116.53,150.29,66.77,222.45, ,107.22,115.47,190.70,108.84,218.01,122.70,281.70,142.68,228.40, ,41.95,126.45,288.46,182.53,293.20,193.01,212.21, , ,92.65,110.58
250.72,241.56,137.00,208.49,26.15,152.05,49.55,226.57,255.25,93.23,214.09,91.17,188.19,128.04, ,238.62,32.79,41.27, ,139.02, ,165.17, ,233.27,16.71,144.23,268.95,220.41,223.70,9.33,60.94,92.72,75.98,175.80,233.69,100.81,281.50,237.88,25.17,144.39,30.99,13.84,226.08,182.97,245.83,261.66, ,54.38,105.64,25.58,180.49,76.34,281.48,191.08, ,62.24,130.35,152.67,93.17,78.45,228.53,168.44,31.05,244.57, ,191.37, ,71.87,55.61,187.89,216.15,207.38,71.60,71.62,181.93,3.03,140.93,284.66, ,15.72,66.31,211.22,102.97, ,9.37, ,197.26,270.77,272.39, ,10.13,100.67,185.57,152.45,35.25, ,156.99,243.36,49.38,180.99,45.06,161.72,265.15,56.17, ,28.57,40.18,205.86,230.76,244.54,117.93, , ,136.78,97.17, ,251.75,274.88,151.61,287.97, ,44.15,59.36,237.76,111.41,240.38,235.05,125.37,164.71,206.80,118.83,61.57,255.72,216.23, ,52.83,271.00,284.65,7.77,261.44,168.78,47.69,40.12,36.31, , ,299.90, 
3.87, ,259.59,58.42,17.26,152.63,59.66,11.94,194.65,174.74,78.45,274.37,155.04,211.67,92.69, ,293.52,211.54,175.04,194.12,91.80,239.80,65.03, ,132.47,65.39,35.16,229.64,262.41,20.22,37.05,85.66,106.42,299.75,176.15,136.24,166.10,203.11,206.63, ,39.10,103.55,287.08,275.95,209.80,16.83,97.69,169.54,236.15,185.65,46.79,14.50,126.06,213.21,62.74,110.39, ,213.94,132.41,124.10,71.13,145.84,282.43,24.55,211.71,53.99,241.98,104.48,140.00,165.30,23.32, ,125.15,236.54,36.44,97.39,169.01,11.30,264.56,48.57,198.58,186.88,185.74,93.04,40.81,3.13,76.93,275.63,265.88,175.38,10.04,167.77,254.90,203.07,165.94,52.34,195.40,53.08,140.04,218.97,199.74,133.87,283.95,178.76,21.67,252.14,26.90,210.76,298.99,201.26,65.47,229.45,192.82,42.00,128.65,213.71,183.08,5.06, ,183.81,178.75,68.99,264.85,121.23, ,235.06,52.83, ,282.28,294.33,3.40,93.47, , ,147.45,126.91,145.56,131.33,248.67,234.78,89.24,160.18,291.08,29.97, , ,253.01,277.07
131.13,220.78,192.39,60.50,82.71,30.02,230.38,114.37,192.22, ,52.40,212.26,210.71, ,222.96,274.03,113.28,270.56,177.18,102.28, ,184.99,212.27,74.13,213.39,83.20, ,135.60,72.72,208.45,66.19,133.46,31.45,145.37,280.79,164.96,260.23,268.05,259.49,178.11,280.47,233.66, ,69.26,50.58,3.67,31.54,160.62, ,107.36, ,88.15,33.51,199.89,139.27,40.22,181.98,186.82,124.33,277.23,79.50,158.95, ,190.48,215.59,84.79,179.35,111.10,286.85, ,67.58,22.79,27.92,298.47,204.14, ,181.37,278.52,175.34,264.14,279.94,28.06,202.68,18.06,26.43,296.09,72.49,68.13,145.58, ,60.32,1.56,58.40,237.87,193.29,231.71,279.50,287.18,14.13,62.29, ,67.20,266.37, ,34.51,287.24,198.73,184.43, ,242.83,244.78,111.53,142.12,223.85,57.83,267.69,30.37,173.45,19.59, ,161.24, ,148.48,155.96, ,56.24,9.00,147.73,86.01,61.53,15.93,214.49,282.79,14.38, ,111.95,180.19,159.21,6.44,236.25,203.73,218.63,11.42,254.42,279.12,292.36,62.43,50.27
290.25,60.83,257.55,266.61, ,125.82,228.42,128.51,37.24,9.44,142.36,98.34, ,144.84,17.45,73.01,253.72,284.91,31.89,187.33,80.19,124.32,37.73,100.97,295.07,137.99,74.26,237.33,222.22,213.00,289.44,7.39,49.27,257.71,234.76,79.66, ,203.98,292.08,88.38,156.88, ,295.87,299.16,241.99,15.37,161.05,141.01, , ,160.74,271.44,50.71,110.45,255.09,297.14,186.23, ,206.51, ,1.05,202.86,296.91,98.04,223.04,26.41,129.33,76.68,282.65,151.88,132.44,190.95,223.87,247.34,283.70, ,284.75,70.17,96.17,25.84,211.44,280.54,94.22,159.12,150.33,46.87,118.94,134.38,77.72,195.84,195.26,142.69,18.81,107.81,201.26,69.11,98.53,195.14,217.33,87.75,40.75,11.09,288.47,108.20,57.03,41.56,223.60,132.30,97.11,57.39,73.75,111.07,176.15,65.04, ,152.79,101.21,172.23,275.88,69.10,74.73,83.63,296.73,159.33,64.99,296.53,173.19,174.43,299.18,110.52,241.10,253.79,250.72,3.22,143.71,268.66,145.45,245.47,20.16,81.33,204.24,148.51,200.90,122.90, ,233.42,144.69,246.52
147.45,190.23,216.25,42.70,108.00,80.17,115.14,31.52,89.21,48.81,10.29,289.54,275.34,203.10,119.70,7.03,222.16,41.18,159.81,273.11,178.86,217.99,238.25,194.29,58.90,194.10,14.84,279.55,106.61,110.21,32.26,193.44,14.51,92.82,18.50,142.11,119.21,191.35,9.61, , ,28.73,137.70,162.66,33.76,299.89,195.56,261.21,286.56,23.63,150.03,145.32,239.49,52.25,21.98,216.49,130.37,85.92,288.80,85.31,217.84,166.53, ,127.74,103.91,226.04, ,268.18,245.63,293.14,38.52,59.74,122.02,200.23,158.18,156.51, ,74.35,78.12, ,205.86, ,9.33,133.23,284.37,208.45,154.98,230.56,266.07,292.12,85.79,14.37,56.57,186.41,286.55,18.67,170.39,82.52,125.03,142.54,77.60,1.44,257.32,102.68,117.57,79.58,294.87,178.18,51.80,182.36,29.12,170.93,9.87,79.23, , ,244.29,272.75,179.39, ,282.08,295.31,233.04, ,26.98,123.19,141.44,117.13,206.60,70.07,241.51,51.35,71.05,57.53,241.39, ,119.13,127.33,295.89,13.11,87.34,190.84,231.40, ,101.96, ,172.03,212.83
 ,23.55,66.45,136.17,18.01,126.96,237.36,232.91, ,0.55,44.48,251.20,87.78,77.84,205.77,210.22,271.19,142.15,47.47,199.73,241.24,182.27,247.13,111.16,78.19,29.93,3.09,98.55,215.58,281.64,126.27,239.95,172.88,161.02,5.32,275.67,70.51, , ,281.62,262.51,47.67,182.49,273.56,141.63,157.44,10.50,15.13,81.16, ,242.18,37.85,84.04,73.44,109.22,223.61,53.59,92.86,165.91,19.59,285.25,4.38,219.23,123.65,69.25,202.21,120.04,14.35,224.47,146.07,178.87,78.88,53.11,278.49,15.35,65.96,206.82,109.13, ,232.78,127.68,197.94,64.49,153.44,62.47,114.65,120.09, ,52.55,46.78,156.46,29.12,62.74,292.76, ,51.19,57.71,49.09,17.97,93.65,82.17,112.64,252.29,81.16,285.28,174.11,175.06,45.44,298.98,90.24,43.35,275.48,20.30,56.72,138.17,209.68,6.49,117.16,255.05,86.11,216.92,256.65,196.46,189.46,283.46, ,26.81, ,127.88,66.34,179.71,34.96,124.85,111.71,0.23,140.32,7.10,46.57,149.23,265.84,138.47,18.39,276.11,246.51,280.97,288.58,217.36,250.08
64.99,284.21,128.56,151.57,181.78,99.41,141.17,69.70,14.54,184.39,227.62,94.63,143.76,69.27,106.75,103.33,81.14,236.96,212.09, ,93.87, ,124.88,210.00,107.48,282.67,215.19,122.78,118.88,93.03,27.66,207.50,71.51,218.55,198.33,97.00,224.50,88.42,211.51,243.96,222.96,10.87,136.92,147.97,100.18,143.95,140.78,258.84,40.08,220.76,8.02, , ,101.42,281.90,268.92, ,191.88,42.79,289.42,178.00,276.62,89.17,259.77,63.31,180.69,92.82,248.71,1.17,212.01,163.14,240.59,256.86,241.50,162.50,176.08,176.13,159.50,257.17, ,20.47,286.60,84.16,209.88,106.86,106.75,254.25, ,43.25,151.59,288.20,215.66,54.60,16.99,57.08,33.37,294.63,149.59,108.87,165.68,62.15,110.37,211.04,159.79,130.60,239.03,25.48,283.09,246.47,294.17,274.23, , ,52.25,224.66,271.43,164.74,47.14,174.25,117.16, ,247.76,151.50,70.90, ,150.98,49.73,256.22,172.69,292.83,138.91, ,110.34,250.80,54.97,18.16,43.06,225.61,97.62,57.39,83.30,19.51, ,164.66,180.73,114.94,262.30,91.05
64.19, ,208.10,225.07, ,268.13,92.61,76.08,16.33,253.02,264.12,280.14,281.15, ,96.09,128.44,125.49,114.13,175.97, ,101.04,245.22,226.95,28.11,207.56,247.64,167.82,149.55,40.53,8.83, ,43.27,276.74,211.91,93.12, , ,188.92,116.57,288.54,286.20,61.97, , ,198.46,72.10,191.49,55.25,129.60,133.27, ,45.19,60.39,10.30,21.99,48.31,60.44,266.28, ,296.92, ,195.38,259.33,33.67,297.04,291.74,265.11,62.82,295.28,143.36,54.96,77.48,145.43, ,111.71,270.68, ,157.92,23.30,245.80,279.39,188.80,38.40,69.20,164.20,224.44,70.06,172.91, ,18.35,88.66,175.37,238.69,217.26,79.80,188.50,13.90,25.56,169.74,54.23,43.66,195.40,188.77,224.13,257.45,21.76,72.53,105.45, ,22.71,33.42, ,170.18,273.76, ,143.50,110.38,118.87,9.85,117.86,94.22,142.10,175.93,109.23,293.66,26.69,74.37,73.58,230.29,190.54,200.85,201.24,148.49,240.32,190.19,42.99,212.36,21.10,73.30,161.35,250.79,83.32,248.15,241.94,1.60,4.47,166.51,213.68
225.81,173.35,212.18,100.40,101.43,212.83,251.84,241.68,262.22,227.78, ,169.72,183.51, ,85.96,298.97,183.72,153.64,40.78,273.42,190.36,262.68,249.58,177.37,117.14,216.27,49.96,214.63,281.68,232.03,85.53,67.27,155.79,26.32,286.73,37.74,74.59,280.28,214.93,215.43,297.25,76.99, ,291.62,211.54,118.00,293.98,46.45,204.79,289.55, ,289.29,131.18,139.51,88.04,269.11,86.52,135.16,13.57,155.13, ,63.58,255.75,66.54,20.79,269.57,72.69,299.63,54.84,51.30,151.54,135.40,192.26,290.17,115.33, ,14.86,274.48,287.52, ,289.72,70.28,63.18,182.95,54.75,126.32,104.08,211.78,132.87,41.24,159.81,178.24,171.43,45.19,197.52,2.77,130.07,146.53,216.01,256.06,267.26,76.80,60.25,10.82,92.63,16.16,208.63,23.15,104.39,283.89,145.58,189.15,59.72,168.89,65.17,246.49,207.34,103.77,11.88,160.70,166.65, ,75.28,80.11,175.65,139.24,294.03,66.71, ,102.40,161.36,263.52,200.00,131.15,138.45,118.36,247.53,176.01,60.29,84.59,122.90,54.87,227.08,67.18,66.41,35.32,37.15, 
237.15,166.76,8.15,59.28,257.32,183.31,104.58,46.40,253.47,75.09, ,255.87,103.27,190.69,250.04,137.43,164.98,152.41,15.28,165.17,119.52,205.89,14.03,127.72,289.92,109.33,13.68,264.96,87.47,255.54,83.48,23.16, ,175.57,115.38,219.53,157.29,43.85,143.02,66.33,70.22,286.60,187.17,279.03, ,134.68,176.79, ,199.95,152.72,220.99,113.29,106.06,269.50,209.19,230.20,289.78, ,276.38,36.18,293.52,167.46,299.95,46.36,244.20,205.29,133.98,133.01,279.45,243.99,12.79,59.56,46.30,137.31, ,173.49,67.98,218.33,213.74,242.54,206.77,171.60, ,44.99,264.00,163.10,153.80,264.51, ,10.81,1.51,47.80,84.35,88.79,11.97,265.26,268.85,110.05,98.52,185.45,63.56,21.12,63.69,236.07,61.21,250.38, , ,237.72, ,26.51,125.94,32.66,297.90,190.50,3.20,23.80,53.62,182.35,297.37,261.25,140.57,224.80,188.49,141.01,36.96,20.61,196.57,243.36,257.95,32.82,123.92,122.38,290.30,202.73,84.09,262.09,72.12,127.95,109.87,213.82,136.48,9.72,287.68, ,245.63,260.33,210.86
29.16, ,33.88,294.91,155.13,42.64,143.88,187.85,139.55, ,276.03,110.29,23.78,236.59,150.31,176.18,213.85,149.58,239.22,216.00,295.85, ,223.10,270.43,270.62,212.62,86.01,181.48,272.48, ,241.89,228.58,156.33,23.42,63.53,146.64,19.84,152.53, ,169.40,176.53,200.09, ,286.10,92.70,10.34,112.85,132.71, , ,183.87,294.95,56.36,226.92,284.07,195.89,248.86,226.19,186.09, ,172.19,92.80,63.54,66.21,263.06,86.09,291.51,247.05,236.17,165.83, ,245.28,122.36,194.27, ,80.36, ,252.54,75.92,180.63,272.13,169.33,282.50,71.28,68.47,98.48,176.01,229.81,19.13,15.42,100.72,293.75, ,246.30,57.48,162.34,124.33,133.08,41.24,275.38,22.97,2.03,161.57,109.89,132.02,298.28,262.78,39.16,278.29,109.10,137.67,299.53,30.19,166.10,87.11,274.98,127.04,290.16,89.89,271.46,262.11, ,224.89,6.48,244.75,161.39,129.61,280.04,163.02,257.71,199.76,209.42,226.22, , ,276.32,186.28,62.16,165.55,122.48,39.33,163.97,47.74,33.54,85.18,140.43,131.00,142.07
50.04,226.86,283.11,150.09,101.41,25.41,199.29,138.99,215.11,139.33,296.54,290.64,69.43,124.61,171.27,240.87,34.97,271.34,70.90,187.47,33.68,139.28,60.77,171.59,281.23,238.74,183.80,59.49,60.46,153.67,150.77,153.03,262.26,203.81,245.80,205.48,4.17,212.45,23.03,40.83,94.97,282.03,208.96,232.00,225.61,201.14,180.21,262.10,178.54,175.65,257.20,103.83,125.89,26.30,100.32,153.17,46.71,174.06, ,106.06,102.32,126.23,71.95,140.80,58.95,90.07,263.91,287.12, , ,251.58,103.72,299.18,65.42,173.07, ,279.13, ,170.87,292.11,252.81,157.25,139.62,195.05,118.52,28.80, ,280.37,289.29,260.79,64.51, ,85.59,140.51,219.68,104.17,254.20,44.70,68.74,58.76,287.84,145.95,292.89,297.01,20.80,215.30,60.60,170.49,116.74,177.96, ,282.13,276.57,292.91,107.84,146.78, ,24.07,181.69,249.09,271.46,174.79,279.00,197.23,81.58, ,259.54,182.86,298.60,280.77,247.45,168.73,160.24,118.30,215.47,26.90,106.72,268.96,275.80,190.70,285.92,285.77,255.06,187.13,28.06, ,275.51,113.90
116.76,188.05,63.15,221.48,130.02,126.28,194.08,14.20,16.54,5.13,173.93,149.13,201.81,72.76,273.55,247.08,34.33,284.89,158.43,254.81,124.65,111.94,111.70,38.09,45.01, ,218.94,239.38,118.78, ,296.11,5.94,20.27,78.31,137.76,211.54,225.19,173.65,54.92,163.28,113.61,136.22,127.23,143.24,171.97,293.04,29.62,111.27,39.25,55.05,126.33,269.58, ,143.24,57.69,251.92,242.20, ,146.06,40.11,161.20,88.95,80.17,153.23, ,192.48,223.52,207.36,39.08,192.88,47.52,10.91,101.28,159.65,99.17,128.31,8.29,177.43,120.57, ,12.02,208.24,87.98, ,278.08,259.29,199.13, , ,6.24, ,165.89, ,12.97,50.80,179.73,183.79,224.22,12.32,107.78,176.66,105.79,102.33,25.71,71.88,211.50,70.08,244.00,36.98,220.44,278.23,16.00,100.48,61.57,28.90,218.18,254.86,60.30,89.04,58.64,233.26, ,3.34,183.03,81.77,4.89, , ,185.54,205.54,41.82,154.65,236.52,166.03,120.50,49.53,281.87,139.77,149.47, ,32.51,78.56,232.44,290.75,133.64,243.04,12.83,114.05
 , ,90.03,294.76,207.91,295.12,41.04, ,184.15,0.33,22.48,44.15,163.59,104.23,24.69,147.43,177.67,183.97,161.45,46.69,250.25, ,68.60,116.95,173.17,36.76,83.35,29.03,73.20,158.16,135.37,55.22,99.46,5.41,288.10,198.08,298.00,32.63,135.06, ,8.23,139.79, ,49.39,47.74,132.82,30.38, ,85.60,227.15, ,78.54,142.78,63.16,122.67,207.39,245.38, ,155.82,259.07,199.59,197.37,114.02,52.55,230.96,171.83,50.41,236.64,109.65,13.92,35.94,157.83,55.09,259.64,18.45,60.54, ,257.91,13.94,292.77,292.14, ,150.25,234.84,132.09,0.16,294.93,255.73,29.77,21.00,221.75,208.11,257.50,240.20, ,1.38,218.11,21.41,143.76,120.93,34.83, , ,160.34, ,13.10,147.40,286.07,73.55,51.44,2.21,228.76, ,119.24,286.53,228.36,43.39,60.95,214.70,259.07,258.65,88.14,243.04, ,12.19, ,63.63,137.78,155.58,48.28,4.23,115.48,165.11,281.87,237.09,217.81,271.62,291.80,131.79,182.00,247.04, ,10.67, ,65.93,8.48,135.02,149.03
245.29, ,227.16,46.45,158.01, ,34.48,155.12,169.25,239.44,114.90, ,119.51,192.89,203.20,114.72, ,65.21,170.27,88.35,221.02,268.48,7.44,98.04,169.22,199.67,83.58,256.85,134.08,103.43,54.77,228.49,266.66,131.86,168.27,247.41,132.30,252.92,218.84,2.29,18.25,196.71,216.53,12.37,5.13,164.38,226.33,30.57, ,162.43,254.84,277.33, ,193.22,54.67,48.01,200.11, ,96.83,175.46,180.46,255.52,90.45,222.58,45.98,269.90,145.49, ,122.82,205.99,265.93,128.09,17.63,80.19, ,248.28,75.42,78.08,124.99, ,47.56,92.33, ,0.75, ,291.80,215.39,147.47,158.45,195.25, ,275.44,128.79,4.65,52.46,235.14,251.27,225.00,73.82,24.90,96.75,66.37,186.80,75.65,122.61,263.37,54.97,151.32,162.53,87.96,238.71,92.43,4.59,193.11, ,218.00,202.31,219.35,76.21,206.14, ,257.35,4.80,46.50,196.08,12.09,124.02,7.14,140.77,233.88,90.14,251.88,241.75,162.47,217.51,278.38, ,235.73,56.88,216.04,144.13,225.08,249.09,135.32,16.65,99.43,237.19,2.40
80.63,42.79,61.20,131.25,140.84,292.57,15.04,110.72,33.68,287.34, ,122.66, , ,247.75,206.90,281.25,167.25,130.00,186.15,151.38,59.60,1.76,233.40, ,92.57,103.84,226.81,202.57,243.85,22.88,79.17, ,166.39,28.89,296.88, ,148.26, ,66.62,232.08,136.34, ,80.38,172.50,119.49,82.33,247.34,286.04,214.71, ,191.47,189.30,133.92,36.60,79.20,284.13, ,120.48, ,200.86,68.33,234.88,290.38, ,95.59,117.26,174.25,201.76,199.46, ,3.91,285.21,229.93,94.39,89.82,229.01, ,297.35,156.06,189.11, ,284.70,48.75, ,58.91,105.93,286.87,262.28,18.20,43.51,139.78,77.35,5.71,166.77,266.76,143.80,177.11,140.57,124.04,28.44,32.32,141.32,167.35,132.76,148.98,173.09,252.97,234.34,18.47,261.73,123.93,141.09,180.82,16.69,117.22, ,149.54,29.13,46.85,1.49, ,177.76,270.48,55.92,89.40,5.93,59.61,156.66,130.90,182.35,42.34,192.71,149.11,259.28,119.06,19.32,73.72,156.94,27.81,249.02,287.25,168.34, ,25.00,215.71,129.92,104.82
256.01,278.60,294.24,147.27,15.75,159.97,55.67,240.64,153.19,255.79, ,2.65,251.20,108.64,80.14,118.49,127.94,188.23,147.69,3.43,200.41, ,113.24,298.08,226.37,111.74,259.39,184.81,289.14,260.97,215.17,121.30,260.85,13.02,122.44,120.44,98.09,150.28,280.43,265.23,299.62,88.95,114.91,111.34,108.79,106.86,205.22,148.76,202.91,283.08,59.46,81.73,126.13,68.89,80.37,13.36, , ,39.00,76.07,30.05, ,136.91,127.86,57.58,267.98,277.01,278.83,75.06,206.66,205.27,87.44,26.57,50.48,206.43,204.96,6.54,279.42,298.65,208.53, , ,275.60,169.84,158.76,90.81,251.96,78.64,235.47,206.83,234.09,262.44,170.04,228.87,112.43,256.74,283.76,197.46,136.19, ,294.96,4.59,264.16, ,3.56, ,210.39,178.33,184.53,193.69,246.25,265.93,299.89, ,57.86,116.89,251.66,189.01,35.26,228.01, ,231.57, ,141.96,210.96,78.67,59.30,174.58,198.11,102.35,205.88,69.36,54.26, ,243.26,88.69,212.87,281.05,96.67,286.39, ,152.01,152.97,1.66, ,199.77,116.11,281.79
154.12,30.57,57.99,159.99,166.48, ,147.53,67.95,203.69,85.85,128.25,267.00,266.38,29.67,96.88,24.08,268.55,103.77,86.62,3.68,244.09,204.58,293.83,252.83,31.30,253.21,277.50,289.45,200.98,286.18,133.55,71.06,38.89,245.79,252.44,58.80,26.01,288.14,235.92,217.36,279.65,126.77,90.79,201.03,135.34,289.64,197.46, , ,235.53,61.86,266.26,84.50,84.05,12.11,13.61,287.20,100.04,250.41,230.19,182.61,38.65,34.43,232.94, ,168.47,234.33,88.48,140.94,139.05,92.86,227.19,146.22,122.37,170.85,190.39,195.82,60.94, ,297.06,95.77,169.47,103.86,6.47,66.85,297.90,180.08, ,202.41,128.06,263.33, ,153.72,233.80,82.15,99.98,2.86,248.74,113.75,98.24,211.45,207.44, ,87.51,53.13,69.40,14.70,180.11,186.45,286.49,283.47,96.07,291.22,11.42,105.58,261.79,275.47,133.23,272.40,251.07,210.67, ,225.37,86.85,239.66,264.55,271.63,31.82,244.12, ,107.67,109.76,55.03,196.35,270.04, ,221.11,19.67,101.03,294.79,223.09,176.04,170.20,140.55,181.99,225.67,192.34,37.49
109.92,158.16,92.75,107.19, , ,255.45,71.90,210.11,184.69,182.64,233.82,256.91,107.85,43.54,237.47,262.00, ,120.16,296.49,152.77,68.29, ,90.52,216.04,46.52,86.78,155.62,252.34,136.41,295.10,60.39,260.97, ,164.71,25.56,289.64,171.54,157.96,148.45,53.37,256.01,235.86,9.71,137.52,92.86,117.34,258.10,233.78,29.89,123.05, ,112.69,131.22,91.73,19.06,21.92,257.22,104.00,185.73,279.91,153.32,125.31,135.72,59.90,205.12,239.27,118.06,194.34,222.58,217.83,287.28,109.79,115.77,86.90,274.24,9.47,244.44,253.68,10.01,196.38,171.97,175.70,187.62,239.30,56.12,51.84,96.87,287.91,75.41, ,49.66,223.60,86.06,130.90,68.40, , ,16.44, ,6.47, ,245.77,285.40, ,28.80, ,16.71,184.95,26.54,233.14,111.82,8.53,185.42,87.19,60.46,146.27,110.10,148.98,128.20,158.76,163.18,185.65,170.92,271.40,5.20,147.60,223.74,59.74,233.05, ,293.51, ,213.21,135.58,116.53,196.57,39.90,33.81,239.64,296.14,102.20,115.59,118.36,105.92, ,38.96,205.66
275.59,245.68,244.68,152.79,204.44,248.36,161.90,203.83,170.04,168.84,230.46,289.75,224.54,118.27,192.88,295.98, ,241.66,77.72,57.52,153.96,234.55,47.52,21.99,278.49,282.99,67.32,139.62,26.16,155.38,200.34,285.64,12.35,273.54,176.82,76.25,216.68,148.95,119.25, ,97.74,61.34,75.12,87.24,189.12,267.62,295.05,164.43, ,91.73,249.35, ,25.60,285.16,148.29,155.64, ,253.38,89.05, ,252.01,214.37,82.95,19.91, ,184.34, ,276.07,137.55, , ,243.96,199.53,182.28,111.47,8.55,299.03,240.62,197.78,92.17,36.98,58.73,296.41,254.10,79.88, ,27.64,161.06,154.33,142.84,64.77,218.05,51.86,143.88,25.37,95.06,35.85,64.83,203.55,55.86,45.32,93.13,102.31,33.53, ,176.37,272.27,84.18,281.05,19.40, ,18.27,243.25,286.15,155.88,273.52,65.73, ,158.86,161.56,125.32,20.55,284.33,230.88,168.34,280.28,195.88,206.00,160.68,261.03, ,150.73,27.73,161.11,75.33,248.54,78.22,208.93,51.06,10.79,70.08, ,257.81,17.28,93.49,123.93,46.72,205.26
267.65,50.11,197.05, ,85.44,69.91,161.15,196.11,240.55,94.66,224.01,57.68,6.75,211.75,282.36,266.54,119.33,221.47,285.31, ,70.75,247.06,166.87,261.23,8.58,133.47,151.44,106.67,53.49,151.01,24.68,81.31,122.02,117.51,154.88,173.13,47.71,290.75, ,251.98, ,179.41,245.79,133.59,270.11,94.77,1.85,123.82,15.49,252.73,241.82,174.98,33.24, ,23.99,123.37,90.66,155.38,265.97, ,18.43,198.19,277.47,232.65,283.21, ,235.94,288.95,256.12,76.79,39.04,16.08,76.75,182.58,284.25,118.37,166.98,193.55,252.19,212.84,76.80,100.61,242.11,56.28,193.45, ,232.49,93.12,10.61,277.47,184.12,61.11,292.99, ,273.17,166.62,41.50, ,142.11, ,231.66, , ,145.50,57.61,57.48,89.96, ,32.70,255.98,20.93,129.64,222.15,260.57,159.16,155.14,160.13, ,172.56,58.05,295.90,97.41,268.15,10.72,220.06,54.10,173.10,143.51,225.21,227.63,120.33,188.50,291.74,54.53,64.27,182.35,228.24,113.55,167.12, ,87.19, ,101.06,51.66,116.60,205.75,10.24, 
198.74,167.57,202.22,295.74,214.22,243.04,169.47,61.11,133.93,270.17,249.36,234.19,236.31,99.68,221.30,156.37,273.45,51.52,55.82,190.47,103.18, , ,272.93, ,106.86,236.55,22.79,223.57,292.57,16.40,55.93,129.47,115.62,227.50,209.24,181.75,77.94,43.30,288.19,16.97,41.86,84.42,9.77,281.37,142.62,275.44,139.94,74.53,258.33,246.84,276.80,46.84,143.85,105.33,58.58,227.08,75.80,165.09,19.49,87.91,144.22,60.66,168.25,239.72, , ,294.15, ,40.99,159.00,274.09,189.72,218.11,172.18,155.24,249.09,45.66,145.92,171.85,277.26,69.79,144.27,97.99, ,138.99,130.49,101.13,159.84,39.64,69.69,5.24,218.34,73.11,152.85,201.39,159.37,52.72,52.70,61.21,280.56,138.03,170.32,232.58,136.67,180.15,241.46,233.81,192.33,189.34, ,90.73,48.41,80.82, , ,72.83,70.45,200.89,143.34,114.08,276.71,53.65, ,239.04,187.56,123.79,176.54, ,204.65,166.79,72.85, ,145.68,145.81,182.41,262.04,141.40,299.17,189.18,255.46,299.12,259.58,219.91, ,87.53, ,254.32
269.83,101.61,154.51,234.21,274.74,59.38, ,58.55,220.95,299.29,239.92,8.75,62.21,198.58,185.65,104.06,65.38,13.51, ,260.93,168.48,11.34,51.80,286.41,264.07,94.92,167.13,21.98, ,166.85,149.17,224.10,264.40,230.29, ,61.85,285.46,174.49,158.18,39.92,21.93,71.80,17.21,54.07,168.89,206.04,202.67,221.54,222.94,86.19, ,148.04,66.84,14.17,236.55,103.56,262.39,152.94,124.76,133.31,260.75, ,258.19,28.53,245.39,90.73,152.31,179.62,238.95,6.16,194.54,106.16,209.01,128.62, ,220.48,202.41,8.36,139.41,0.93,43.23,109.87,104.72,254.44,220.93,102.86,106.97,29.69, ,243.39,246.74,131.74,184.25,76.65,152.38,157.59,217.72,281.38,214.71,246.97,184.29,114.29,266.37,137.51,122.26, ,69.00,92.03,246.99,213.95,257.37, ,128.88,71.23,298.70,73.61,297.36,105.08,65.72,275.42,120.48,284.13,166.69,172.80,293.86,217.93, ,6.37,64.04,129.97,11.24,247.91,113.28,61.99,271.54,200.35,253.93,158.90,164.73,207.49, ,185.29,297.13,93.01,184.49,185.85,116.78,6.71
